"RBD","SLEP","HORAS_CONTRATO","HORAS_DIRECT","HORAS_TEC_PED","HORAS_AULA","HORAS_DENTRO_ESTAB","HORAS_FUERA_ESTAB","ANO_SERVICIO_SISTEMA","N_ASIS","N_HOMBRES","N_MUJERES","N_PROF","N_PARA","N_AUX","JORN_PROF","JORN_PARA","JORN_AUX","TOT_JORN","PREFERENTE_ALU","BEN_SEP","MAT_HOM_TOT","MAT_MUJ_TOT","MAT_TOTAL","NALU_4B_RBD","PROM_LECT4B_RBD","PROM_MATE4B_RBD","NALU_2M_RBD","PROM_LECT2M_RBD","PROM_MATE2M_RBD","PORC_PRIORITARIO_ALU","cluster"
1,5,32.4028340080972,1.84008097165992,1.18825910931174,27.3724696356275,1.97773279352227,0.0242914979757085,21.2834008097166,0.138157894736842,0.0625,0.0756578947368421,0.0328947368421053,0.0789473684210526,0.0263157894736842,1.24342105263158,3.49671052631579,1.17434210526316,5.91447368421053,649,3397,3333,2370,5703,0,0,0,94,195,201,61.98,"1"
2,5,33.8962264150943,2.90566037735849,11.3018867924528,18.2641509433962,1.42452830188679,0,15.0660377358491,0.127777777777778,0.0111111111111111,0.116666666666667,0.0388888888888889,0.0722222222222222,0.0166666666666667,0.677777777777778,3.17777777777778,0.75,4.60555555555556,453,927,711,675,1386,0,0,0,0,0,0,34.2,"1"
3,5,39.151832460733,1.38219895287958,1.40314136125654,35.9267015706806,0.43979057591623,0,21.565445026178,0,0,0,0,0,0,0,0,0,0,14,0,3369,422,3791,0,0,0,0,0,0,7.81,"1"
4,5,39.2071129707113,2.94560669456067,2.63179916317992,24.071129707113,9.3744769874477,0.184100418410042,23.6401673640167,0.118181818181818,0.0363636363636364,0.0818181818181818,0.0393939393939394,0.0393939393939394,0.0393939393939394,1.59393939393939,1.73939393939394,1.71212121212121,5.04545454545455,2453,7278,3924,4483,8407,0,0,0,257,280,279,57.39,"1"
5,5,37.7097457627119,2.79237288135593,1.53813559322034,31.146186440678,2.23305084745763,0,19.4957627118644,0.154855643044619,0.0393700787401575,0.115485564304462,0.0288713910761155,0.10761154855643,0.0183727034120735,0.803149606299213,4.02099737532808,0.821522309711286,5.64566929133858,2180,5074,3769,3282,7051,18.5,289.5,279.5,109,267,265.5,48.87,"1"
7,5,39.5457227138643,1.35693215339233,6.15486725663717,30.6194690265487,1.41445427728614,0,15.9911504424779,0.108829568788501,0.0431211498973306,0.0657084188911704,0.0349075975359343,0.0492813141683778,0.0246406570841889,1.1211498973306,2.18069815195072,1.1006160164271,4.40246406570842,1618,8197,5302,3709,9011,0,0,0,224,210,202,73.01,"1"
8,5,35.8325123152709,3.44827586206897,1.23645320197044,26.1724137931034,4.97536945812808,0,19.5024630541872,0.141711229946524,0.0347593582887701,0.106951871657754,0.0213903743315508,0.0989304812834225,0.0213903743315508,0.620320855614973,3.81550802139037,0.959893048128342,5.39572192513369,1085,4056,2986,2268,5254,30.5,238.5,235.5,81.5,223,225,56.55,"1"
9,5,39.9840255591054,1.75718849840256,0.492012779552716,37.6102236421725,0.124600638977636,0,14.9600638977636,0.122562674094708,0.020891364902507,0.101671309192201,0.032033426183844,0.0779944289693593,0.0125348189415042,1.0891364902507,3.18105849582173,0.559888579387187,4.83008356545961,3866,9293,6110,5626,11736,138.5,268,251.5,0,0,0,46.24,"1"
10,5,37.8571428571429,4.28571428571429,4.33766233766234,27.4545454545455,1.77922077922078,0,19.7857142857143,0.118556701030928,0.0309278350515464,0.0876288659793814,0.0257731958762887,0.0618556701030928,0.0309278350515464,0.628865979381443,2.24742268041237,1.38144329896907,4.25773195876289,193,1043,14,1433,1447,23,255.5,228,0,0,0,58.74,"1"
11,5,38.4267782426778,4.60251046025105,2.17991631799163,31.5355648535565,0.108786610878661,0,15.8493723849372,0.158273381294964,0.0359712230215827,0.122302158273381,0.0431654676258993,0.0899280575539568,0.0251798561151079,1.3705035971223,3.67985611510791,1.12230215827338,6.1726618705036,353,2533,1608,1202,2810,20,262.5,245,0,0,0,77.58,"1"
12,5,36.3733333333333,2.73777777777778,3.11111111111111,21.6711111111111,8.85333333333333,0,16.5377777777778,0.130630630630631,0.018018018018018,0.112612612612613,0.0405405405405405,0.0630630630630631,0.027027027027027,1.19369369369369,2.36486486486486,1.20720720720721,4.76576576576577,603,2223,1418,1180,2598,28,282,264,0,0,0,62.36,"1"
13,5,37.2660098522167,2.60098522167488,4.11822660098522,30.3300492610837,0.216748768472906,0,18.8128078817734,0.128919860627178,0.0209059233449477,0.10801393728223,0.0278745644599303,0.0731707317073171,0.0278745644599303,0.961672473867596,2.82229965156794,1.24738675958188,5.03135888501742,315,1895,1269,901,2170,24.5,250.5,237.5,0,0,0,72.81,"1"
14,5,34.6009852216749,4.33497536945813,1.49261083743842,23.3793103448276,5.39408866995074,0,16.4137931034483,0.128342245989305,0.0267379679144385,0.101604278074866,0.0374331550802139,0.0748663101604278,0.0160427807486631,1.14973262032086,2.82887700534759,0.711229946524064,4.68983957219251,258,1854,1501,1113,2614,20,233,224,0,0,0,61.06,"1"
15,5,35.5454545454545,2.65909090909091,0.777777777777778,29.5757575757576,2.53282828282828,0,17.0075757575758,0.14327485380117,0.0467836257309941,0.0964912280701754,0.0350877192982456,0.0964912280701754,0.0116959064327485,1.18713450292398,4.01461988304094,0.526315789473684,5.7280701754386,1029,2634,1399,1752,3151,0,0,0,34,217.5,202.5,50.94,"1"
16,5,36.8224299065421,2.67289719626168,5.4392523364486,21.0700934579439,7.64018691588785,0,17.5981308411215,0.1198738170347,0.0252365930599369,0.0946372239747634,0.028391167192429,0.0757097791798107,0.0157728706624606,1.09148264984227,3.08832807570978,0.700315457413249,4.8801261829653,336,1705,1517,807,2324,27,231,215.5,0,0,0,58.91,"1"
17,5,38.6041666666667,2.64166666666667,2.42916666666667,29.05,4.48333333333333,0,17.4541666666667,0.125,0.0357142857142857,0.0892857142857143,0.0401785714285714,0.0669642857142857,0.0178571428571429,1.375,2.63392857142857,0.803571428571429,4.8125,523,2650,1686,1525,3211,24.5,258,268,0,0,0,66.24,"1"
18,5,36.751968503937,2.74015748031496,3.79133858267717,28.5984251968504,1.62204724409449,0,17.5787401574803,0.136942675159236,0.0382165605095541,0.0987261146496815,0.0222929936305732,0.0955414012738854,0.0191082802547771,0.74203821656051,3.86942675159236,0.85031847133758,5.46178343949045,384,2304,1503,1133,2636,44.5,245.5,222.5,0,0,0,72.84,"1"
19,5,36.7586206896552,3.68472906403941,1.97536945812808,25.6453201970443,5.45320197044335,0,17.6354679802956,0.140794223826715,0.0252707581227437,0.115523465703971,0.0397111913357401,0.0794223826714801,0.0216606498194946,1.45487364620939,2.96028880866426,0.963898916967509,5.37906137184116,314,2128,1347,1129,2476,35,229.5,227,0,0,0,73.26,"1"
20,5,36.8513119533528,2.6734693877551,1.21865889212828,22.3411078717201,10.6180758017493,0,17.0524781341108,0.139841688654354,0.029023746701847,0.110817941952507,0.0316622691292876,0.0976253298153034,0.0105540897097625,1.17414248021108,3.63324538258575,0.472295514511873,5.27968337730871,470,3082,2121,1569,3690,40.5,256,256.5,0,0,0,70.79,"1"
22,5,38.8798449612403,2.04651162790698,0.767441860465116,36.0658914728682,0,0,18.8759689922481,0.132635253054101,0.0244328097731239,0.108202443280977,0.031413612565445,0.0890052356020942,0.012216404886562,1.1239092495637,3.59511343804538,0.546247818499127,5.2652705061082,1644,6766,4057,3562,7619,79,242.5,230,0,0,0,67.23,"1"
25,5,39.0229885057471,2.73103448275862,1.4,33.864367816092,1.02758620689655,0,15.0459770114943,0.125560538116592,0.031390134529148,0.0941704035874439,0.0201793721973094,0.0762331838565022,0.0269058295964126,0.778026905829596,3.13228699551569,1.20627802690583,5.11659192825112,1089,5189,3300,2645,5945,29.5,269.5,260.5,0,0,0,68.97,"1"
26,5,37.2485875706215,3.48022598870056,3.15254237288136,19.8022598870057,10.8135593220339,0,17.5593220338983,0.119047619047619,0.0333333333333333,0.0857142857142857,0.0333333333333333,0.0619047619047619,0.0238095238095238,0.795238095238095,2.31904761904762,1.05238095238095,4.16666666666667,379,1502,1002,856,1858,16.5,250,242,0,0,0,60.44,"1"
27,5,30.71,3.08,1.54,24.295,1.575,0.22,16.9,0.144628099173554,0.0247933884297521,0.119834710743802,0.0454545454545455,0.0661157024793388,0.0165289256198347,1.66115702479339,2.5495867768595,0.735537190082645,4.94628099173554,347,1678,1394,944,2338,24,221.5,213,0,0,0,56.93,"2"
28,5,37.604774535809,2.56763925729443,2.6604774535809,30.5039787798408,1.87267904509284,0,22.2917771883289,0.108571428571429,0.0285714285714286,0.08,0.0342857142857143,0.0542857142857143,0.02,1.19142857142857,2.24571428571429,0.854285714285714,4.29142857142857,1226,2996,3348,3021,6370,23.5,303,306,0,0,0,47.33,"1"
29,5,36.462962962963,0.944444444444444,2.64506172839506,29.4537037037037,3.41975308641975,0,19.3858024691358,0.138020833333333,0.0338541666666667,0.104166666666667,0.0416666666666667,0.0625,0.0338541666666667,1.50260416666667,2.45833333333333,1.27083333333333,5.23177083333333,393,3150,2360,2022,4382,44.5,250.5,241.5,0,0,0,62.92,"1"
30,5,38.0380434782609,0.543478260869565,14.9782608695652,22.1358695652174,0.380434782608696,0,22.570652173913,0.123239436619718,0.0140845070422535,0.109154929577465,0.0105633802816901,0.0845070422535211,0.0246478873239437,0.450704225352113,3.38380281690141,1.10211267605634,4.93661971830986,194,0,863,501,1364,0,0,0,0,0,0,61.14,"2"
31,5,39.2478991596639,4.9327731092437,1.78991596638655,32.4411764705882,0.0840336134453782,0,19.1764705882353,0.131868131868132,0.032967032967033,0.0989010989010989,0.0164835164835165,0.104395604395604,0.010989010989011,0.653846153846154,3.68681318681319,0.489010989010989,4.82967032967033,274,2789,1664,1624,3288,27,268,276,0,0,0,76.49,"1"
32,5,38.9075,3.025,0.605,29.93,5.3475,0,17.7975,0.124365482233503,0.0228426395939086,0.101522842639594,0.0279187817258883,0.0736040609137056,0.0228426395939086,0.923857868020305,3.12690355329949,1.02030456852792,5.07106598984772,681,5116,3323,2853,6176,35,245.5,244,25.5,235.5,217.5,71.81,"1"
33,5,39.7793103448276,2.12413793103448,1.73793103448276,35.4068965517241,0.510344827586207,0,12.7655172413793,0.195876288659794,0.0412371134020619,0.154639175257732,0.0824742268041237,0.0309278350515464,0.0515463917525773,2.78350515463918,1.18556701030928,2.28865979381443,6.25773195876289,206,1360,834,755,1589,18.5,256,255.5,0,0,0,72.62,"2"
35,5,31.4545454545455,0.519480519480519,0.12987012987013,29.0649350649351,1.74025974025974,0,15.5714285714286,0.14018691588785,0.0467289719626168,0.0934579439252336,0.0280373831775701,0.0747663551401869,0.0373831775700935,0.626168224299065,2.79439252336449,1.62616822429907,5.04672897196262,76,610,469,481,950,5.5,221.5,245.5,0,0,0,56.21,"2"
36,5,36.3615023474178,1.20657276995305,3.69953051643192,28.4413145539906,3.01408450704225,0,17.7934272300469,0.153488372093023,0.027906976744186,0.125581395348837,0.0558139534883721,0.0651162790697674,0.0325581395348837,1.90232558139535,2.63255813953488,1.45116279069767,5.98604651162791,158,1839,1244,1185,2429,24.5,247,253,0,0,0,69.21,"2"
38,5,39.8434163701068,2.65480427046263,2.19217081850534,28.4021352313167,6.58718861209964,0.00711743772241993,19.2633451957295,0.119521912350598,0.00796812749003984,0.111553784860558,0.051792828685259,0.047808764940239,0.0199203187250996,1.78884462151394,2.12749003984064,0.868525896414343,4.78486055776892,334,3725,2195,1941,4136,30.5,256,268,0,0,0,81.99,"1"
39,5,29.9090909090909,1.07575757575758,0.212121212121212,28.6212121212121,0,0,20.3030303030303,0.0943396226415094,0.0377358490566038,0.0566037735849057,0.0566037735849057,0.0188679245283019,0.0188679245283019,1.0188679245283,0.188679245283019,0.830188679245283,2.0377358490566,27,266,331,274,605,5,213.5,174.5,0,0,0,39.5,"2"
41,5,27.2352941176471,1.41176470588235,1.76470588235294,23.5,0.558823529411765,0,20.9117647058824,0.176470588235294,0.117647058823529,0.0588235294117647,0,0.117647058823529,0.0588235294117647,0,1.76470588235294,2.58823529411765,4.35294117647059,32,247,170,196,366,3,263,250,0,0,0,58.74,"2"
42,5,23.741935483871,0.903225806451613,1.61290322580645,21.2258064516129,0,0,21.3548387096774,0.0612244897959184,0.0204081632653061,0.0408163265306122,0,0.0408163265306122,0.0204081632653061,0,0.510204081632653,0.897959183673469,1.40816326530612,19,112,82,91,173,1.5,0,258,0,0,0,53.76,"2"
70,5,15.9166666666667,1.75,0,13.3333333333333,0.833333333333333,0,12.4583333333333,0.125,0,0.125,0,0.125,0,0,5.5,0,5.5,0,29,44,24,68,1,0,0,0,0,0,42.65,"2"
72,5,37.0510204081633,4.20408163265306,2.57142857142857,22.5102040816327,7.76530612244898,0,9.26530612244898,0.140350877192982,0.0701754385964912,0.0701754385964912,0,0.105263157894737,0.0350877192982456,0,4.63157894736842,1.54385964912281,6.17543859649123,17,233,272,237,509,3,168,177,6,229.5,237,42.44,"1"
74,5,17.7692307692308,1.15384615384615,0,15.8461538461538,0.769230769230769,0,19.6538461538462,0,0,0,0,0,0,0,0,0,0,5,98,53,48,101,1,0,0,0,0,0,92.08,"2"
75,5,15.8260869565217,1.82608695652174,0.391304347826087,13.4347826086957,0.173913043478261,0,16.5652173913043,0,0,0,0,0,0,0,0,0,0,0,28,24,6,30,1,0,0,0,0,0,93.33,"2"
76,5,16.4615384615385,1.61538461538462,0,13.4615384615385,1.38461538461538,0,15.6153846153846,0,0,0,0,0,0,0,0,0,0,5,51,30,25,55,0,0,0,0,0,0,83.64,"2"
78,5,37.3969072164948,2.15979381443299,2.49484536082474,32.1855670103093,0.556701030927835,0,12.4123711340206,0.163120567375887,0.049645390070922,0.113475177304965,0.049645390070922,0.0709219858156028,0.0425531914893617,1.91489361702128,3.12765957446809,1.87943262411348,6.92198581560284,179,1569,1098,781,1879,17.5,228,230,13.5,236,228,76,"1"
79,5,28.2173913043478,3.21739130434783,0,24.304347826087,0.695652173913043,0,21.3913043478261,0.136363636363636,0.0454545454545455,0.0909090909090909,0,0.0909090909090909,0.0454545454545455,0,4,2,6,4,58,54,32,86,1,0,0,0,0,0,62.79,"2"
81,5,21.1176470588235,2.47058823529412,0,17.6470588235294,0.941176470588235,0.0588235294117647,6.94117647058824,0.125,0,0.125,0,0.125,0,0,5.5,0,5.5,0,21,17,9,26,1.5,146,172,0,0,0,80.77,"2"
82,5,21.8125,3.125,0.75,17.9375,0,0,20.375,0,0,0,0,0,0,0,0,0,0,4,8,11,6,17,1.5,278,223,0,0,0,23.53,"2"
84,5,24.3125,2.625,0,21.6875,0,0,10.5625,0,0,0,0,0,0,0,0,0,0,0,20,11,9,20,2,283,301,0,0,0,100,"2"
86,5,22,2.625,0.75,18.4375,0.1875,0,17.75,0,0,0,0,0,0,0,0,0,0,1,53,22,35,57,2,233.5,240,0,0,0,91.23,"2"
87,5,18.6315789473684,0.631578947368421,0,17.2105263157895,0.789473684210526,0,26.5789473684211,0,0,0,0,0,0,0,0,0,0,0,21,12,10,22,0,0,0,0,0,0,95.45,"2"
89,5,19.4444444444444,2.55555555555556,0.444444444444444,14.7777777777778,1.66666666666667,0,25.0555555555556,0,0,0,0,0,0,0,0,0,0,0,15,13,3,16,0,0,0,0,0,0,93.75,"2"
90,5,35.6086956521739,2.28260869565217,1.52173913043478,30.1086956521739,1.69565217391304,0,21.8478260869565,0.114285714285714,0.0571428571428571,0.0571428571428571,0,0.0857142857142857,0.0285714285714286,0,3.77142857142857,1.25714285714286,5.02857142857143,13,178,138,128,266,4,205,175,0,0,0,62.03,"2"
91,5,18.6315789473684,1.15789473684211,0.105263157894737,16.6842105263158,0.0526315789473684,0.631578947368421,23.4736842105263,0,0,0,0,0,0,0,0,0,0,0,31,19,13,32,2,233,226,0,0,0,96.88,"2"
92,5,20.7368421052632,1.47368421052632,0,18.5263157894737,0.736842105263158,0,17.7894736842105,0,0,0,0,0,0,0,0,0,0,0,6,14,10,24,2,195,211,0,0,0,25,"2"
93,5,17.2380952380952,0.285714285714286,0,15.8571428571429,1.0952380952381,0,19.6190476190476,0,0,0,0,0,0,0,0,0,0,0,26,26,20,46,2.5,146,240,0,0,0,56.52,"2"
94,5,17.2380952380952,0.285714285714286,0,15.8571428571429,1.0952380952381,0,24.4761904761905,0,0,0,0,0,0,0,0,0,0,1,34,24,14,38,2,273,237,0,0,0,86.84,"2"
95,5,18.6315789473684,0,0.736842105263158,15.6315789473684,2.26315789473684,0,26.6842105263158,0,0,0,0,0,0,0,0,0,0,0,10,0,10,10,0,0,0,0,0,0,100,"2"
448,1,39.8794520547945,2.13972602739726,4.01917808219178,23.7753424657534,9.73698630136986,0.208219178082192,16.6739726027397,0.316176470588235,0.125,0.191176470588235,0.0661764705882353,0.161764705882353,0.0808823529411765,2.64705882352941,7.02941176470588,3.45588235294118,13.1323529411765,1346,5626,3033,3408,6441,0,0,0,177,239.5,223,66.45,"1"
449,1,42.3426395939086,1.89847715736041,1.39593908629442,22.8121827411168,16.1878172588832,0.0482233502538071,18.3756345177665,0.346153846153846,0.146153846153846,0.2,0.0846153846153846,0.184615384615385,0.0769230769230769,3.72307692307692,8.12307692307692,3.38461538461538,15.2307692307692,798,4784,4006,1126,5132,0,0,0,225.5,224.5,206.5,77.67,"1"
450,1,39.9606741573034,6.57303370786517,2.2247191011236,30.9775280898876,0.185393258426966,0,16.2359550561798,0.309859154929577,0.0563380281690141,0.253521126760563,0.0704225352112676,0.140845070422535,0.0985915492957746,2.56338028169014,6.08450704225352,4.07042253521127,12.7183098591549,187,1821,1046,970,2016,23.5,227,229.5,0,0,0,81.05,"1"
452,1,40.0412371134021,4.47422680412371,1.58762886597938,25.1185567010309,8.86082474226804,0,11.8556701030928,0.348314606741573,0.0674157303370786,0.280898876404494,0.0674157303370786,0.235955056179775,0.0449438202247191,1.9438202247191,8.93258426966292,1.97752808988764,12.8539325842697,635,2673,1593,1551,3144,38,284,281,0,0,0,64.82,"1"
453,1,40.3164556962025,1.65822784810127,3.64556962025316,32.1170886075949,2.88924050632911,0.00632911392405063,12.4620253164557,0.32824427480916,0.0534351145038168,0.274809160305344,0.0687022900763359,0.198473282442748,0.0610687022900763,2.79389312977099,7.81679389312977,2.68702290076336,13.2977099236641,1388,5098,3225,2858,6083,78.5,286,277,0,0,0,61.15,"1"
454,1,43.2258064516129,1.75268817204301,3.49193548387097,29.997311827957,7.79569892473118,0.188172043010753,15.2284946236559,0.302197802197802,0.0604395604395604,0.241758241758242,0.0659340659340659,0.164835164835165,0.0714285714285714,2.58241758241758,6.71428571428571,3.0989010989011,12.3956043956044,916,6763,3804,3392,7196,68.5,268.5,265.5,0,0,0,81.25,"1"
455,1,39.8717948717949,5.30769230769231,4.05128205128205,23.5,7.01282051282051,0,14.5769230769231,0.326086956521739,0.0326086956521739,0.293478260869565,0.108695652173913,0.184782608695652,0.0326086956521739,4.43478260869565,7.15217391304348,1.43478260869565,13.0217391304348,638,2067,1422,1317,2739,26.5,273,255,0,0,0,52.17,"1"
456,1,41.7410714285714,2.75,2.75,26.7142857142857,9.52678571428571,0,13.5803571428571,0.194444444444444,0.0277777777777778,0.166666666666667,0,0.152777777777778,0.0416666666666667,0,6.58333333333333,1.83333333333333,8.41666666666667,99,0,476,266,742,0,0,0,0,0,0,69.54,"2"
458,1,41.5958549222798,3.19170984455959,0.155440414507772,37.9067357512953,0.341968911917098,0,18.3782383419689,0.301075268817204,0.032258064516129,0.268817204301075,0.0860215053763441,0.161290322580645,0.0537634408602151,3.09677419354839,6.86021505376344,2.36559139784946,12.3225806451613,476,2335,1485,1200,2685,27.5,249,252.5,0,0,0,69.24,"1"
459,1,43.9033457249071,2.45353159851301,3.27509293680297,30.7137546468401,7.33457249070632,0.12639405204461,13.5650557620818,0.293333333333333,0.04,0.253333333333333,0.04,0.2,0.0533333333333333,1.46666666666667,7.89333333333333,2.32,11.68,658,4425,2617,2206,4823,60.5,243,231,0,0,0,78.1,"1"
461,1,41.7571428571429,2.93333333333333,3.45714285714286,24.1,11.2380952380952,0.0285714285714286,11.6857142857143,0.278350515463918,0.0412371134020619,0.237113402061856,0.0618556701030928,0.164948453608247,0.0515463917525773,1.49484536082474,6.82474226804124,2.2680412371134,10.5876288659794,278,2351,1336,1195,2531,24,240.5,241.5,0,0,0,81.9,"1"
462,1,40.4460784313725,3.86274509803922,3.99509803921569,32.156862745098,0.431372549019608,0,11.25,0.316455696202532,0.0632911392405063,0.253164556962025,0.0379746835443038,0.0886075949367089,0.189873417721519,1.21518987341772,3.84810126582278,7.94936708860759,13.0126582278481,523,2382,1437,1520,2957,21.5,242.5,235.5,0,0,0,62.87,"1"
463,1,43.3146853146853,2.15384615384615,2.73426573426573,38.0629370629371,0.363636363636364,0,13.2027972027972,0.307692307692308,0.0512820512820513,0.256410256410256,0.0256410256410256,0.205128205128205,0.0769230769230769,0.205128205128205,9.02564102564103,3.38461538461538,12.6153846153846,223,1077,616,534,1150,11.5,267.5,274.5,0,0,0,74.26,"2"
464,1,42.0296296296296,2.11851851851852,3.00740740740741,23.3111111111111,13.5925925925926,0,13.9148148148148,0.338028169014085,0.0422535211267606,0.295774647887324,0.0422535211267606,0.232394366197183,0.0633802816901408,1.85915492957746,8.92253521126761,2.7887323943662,13.5704225352113,872,4258,2696,2428,5124,72,256,245.5,0,0,0,66.08,"1"
467,1,31.5,2.42857142857143,0.714285714285714,28.3571428571429,0,0,6.07142857142857,0.2,0,0.2,0,0,0.2,0,0,8.8,8.8,18,80,48,41,89,2,344,315,0,0,0,69.66,"2"
468,1,40,2.05263157894737,2.78947368421053,35,0.157894736842105,0,11.3157894736842,0.363636363636364,0.0909090909090909,0.272727272727273,0.181818181818182,0.0909090909090909,0.0909090909090909,1.90909090909091,3.63636363636364,2,7.54545454545455,16,147,79,77,156,3,209.5,185.5,0,0,0,83.97,"2"
469,1,32,1.73333333333333,0.177777777777778,26.0666666666667,4.02222222222222,0,11.0666666666667,0.230769230769231,0,0.230769230769231,0.0769230769230769,0.0769230769230769,0.0769230769230769,0.538461538461538,3.38461538461538,3.38461538461538,7.30769230769231,32,308,149,164,313,7.5,249,245.5,0,0,0,88.18,"2"
471,1,32.3396226415094,0.528301886792453,1.69811320754717,27.8867924528302,2.22641509433962,0,11.1320754716981,0.176470588235294,0,0.176470588235294,0,0.117647058823529,0.0588235294117647,0,4.94117647058824,2.58823529411765,7.52941176470588,116,394,247,228,475,5,240.5,254,0,0,0,58.53,"2"
476,1,29.6617647058824,0.411764705882353,4.83823529411765,24.4117647058824,0,0,11.1176470588235,0.291666666666667,0.0416666666666667,0.25,0.0833333333333333,0.166666666666667,0.0416666666666667,2,4.91666666666667,1.25,8.16666666666667,63,546,299,296,595,4.5,237.5,193.5,0,0,0,81.18,"2"
481,1,42.4303797468354,2.94514767932489,1.81856540084388,22.4514767932489,15.2151898734177,0,10.5822784810127,0.336283185840708,0.0442477876106195,0.292035398230089,0.079646017699115,0.221238938053097,0.0353982300884956,3.46902654867257,9.19469026548673,1.55752212389381,14.2212389380531,749,3061,1663,1728,3391,35,232.5,217.5,0,0,0,69.48,"1"
482,1,37.4583333333333,1.75,2.25,31.7916666666667,1.66666666666667,0,7.75,0.3,0,0.3,0,0.2,0.1,0,8.4,4.4,12.8,26,191,122,104,226,3.5,247,194,0,0,0,80.53,"2"
483,1,31.28,1.2,2.4,27.2,0.48,0,18.32,0.230769230769231,0,0.230769230769231,0,0.153846153846154,0.0769230769230769,0,6.76923076923077,3.38461538461538,10.1538461538462,62,296,192,124,316,6,286,252,0,0,0,74.05,"2"
484,1,32.1333333333333,2.8,0,20.5111111111111,8.82222222222222,0,10.6444444444444,0.272727272727273,0,0.272727272727273,0.136363636363636,0.0909090909090909,0.0454545454545455,3.27272727272727,3.45454545454545,2,8.72727272727273,41,514,245,293,538,3.5,229.5,219.5,0,0,0,87.92,"2"
485,1,44,4.14285714285714,1.85714285714286,38,0,0,10.5714285714286,0.285714285714286,0,0.285714285714286,0,0,0.285714285714286,0,0,9.42857142857143,9.42857142857143,11,87,48,43,91,3,227,205.5,0,0,0,83.52,"2"
486,1,40.6603773584906,1.1622641509434,6.18867924528302,24.3698113207547,8.59622641509434,0.343396226415094,15.1320754716981,0.305555555555556,0.0833333333333333,0.222222222222222,0.0833333333333333,0.185185185185185,0.037037037037037,2.92592592592593,7.78703703703704,1.62962962962963,12.3425925925926,660,3288,2121,1517,3638,0,0,0,66,234,230,72.24,"1"
487,1,41.2786885245902,3.22950819672131,1.54098360655738,30.8114754098361,5.69672131147541,0,12.6106557377049,0.315068493150685,0.0616438356164384,0.253424657534247,0.0684931506849315,0.205479452054795,0.0410958904109589,2.28082191780822,6.45890410958904,1.71232876712329,10.4520547945205,448,2645,1647,1637,3284,21,228,200.5,0,0,0,76.43,"1"
489,1,40.7142857142857,3.4679802955665,3.03448275862069,27.1379310344828,7.07389162561576,0,14.0541871921182,0.317307692307692,0.0480769230769231,0.269230769230769,0.0673076923076923,0.211538461538462,0.0384615384615385,1.78846153846154,6.99038461538461,1.50961538461538,10.2884615384615,527,2669,1571,1493,3064,27.5,285,239.5,0,0,0,69.91,"1"
490,1,24.68,0,0,23.72,0.96,0,16.6,0.266666666666667,0,0.266666666666667,0.2,0,0.0666666666666667,2,0,2.93333333333333,4.93333333333333,7,147,93,55,148,2.5,251,222.5,0,0,0,94.59,"2"
493,1,42.9929078014184,4.99290780141844,4.56737588652482,25.6099290780142,7.82269503546099,0,14.9432624113475,0.385964912280702,0.140350877192982,0.245614035087719,0.0701754385964912,0.245614035087719,0.0526315789473684,0.526315789473684,10.4210526315789,2.31578947368421,13.2631578947368,205,1530,820,787,1607,15,259.5,251,0,0,0,82.45,"1"
495,1,29.9230769230769,3.23076923076923,1.61538461538462,24.7692307692308,0,0.307692307692308,10.1538461538462,0.272727272727273,0.0909090909090909,0.181818181818182,0.181818181818182,0.0909090909090909,0,0.636363636363636,4,0,4.63636363636364,9,74,48,34,82,1,0,0,0,0,0,79.27,"2"
496,1,34.9,4.2,0.8,29.7,0,0.2,8.3,0.333333333333333,0.222222222222222,0.111111111111111,0.111111111111111,0.222222222222222,0,0.444444444444444,7.33333333333333,0,7.77777777777778,10,126,67,60,127,1,0,0,0,0,0,91.34,"2"
497,1,34.2631578947368,2.21052631578947,2.21052631578947,29.3684210526316,0,0.473684210526316,16.0526315789474,0,0,0,0,0,0,0,0,0,0,6,80,41,41,82,1,0,0,0,0,0,90.24,"2"
498,1,39.6666666666667,4.22222222222222,0.777777777777778,34.6666666666667,0,0,31.1111111111111,0,0,0,0,0,0,0,0,0,0,2,19,6,13,19,3,259,249,0,0,0,89.47,"2"
499,1,43.1369863013699,3.45205479452055,10.3150684931507,28.6849315068493,0.684931506849315,0,16.6369863013699,0.24390243902439,0.0487804878048781,0.195121951219512,0.0609756097560976,0.146341463414634,0.0365853658536585,0.890243902439024,6.17073170731707,1.60975609756098,8.67073170731707,277,1591,882,845,1727,20,247.5,236.5,0,0,0,76.09,"1"
500,1,39.25,4,3.75,31.5,0,0,18.25,0.5,0,0.5,0,0.5,0,0,11,0,11,9,43,26,20,46,2,194,151,0,0,0,73.91,"2"
502,1,34.2,4.2,0.4,29.3,0,0.3,25.8,0,0,0,0,0,0,0,0,0,0,7,49,26,25,51,2,235,227,0,0,0,82.35,"2"
503,1,39.75,3.75,2,34,0,0,13,0,0,0,0,0,0,0,0,0,0,0,33,24,10,34,0,0,0,0,0,0,97.06,"2"
504,1,44,4.28571428571429,0,39.7142857142857,0,0,44,0,0,0,0,0,0,0,0,0,0,6,116,57,59,116,2,333,289,0,0,0,94.83,"2"
508,1,39.5,5.25,0,34,0.25,0,34.625,0,0,0,0,0,0,0,0,0,0,8,34,10,31,41,1.5,207,195,0,0,0,63.41,"2"
514,1,34.75,3.33333333333333,0.833333333333333,29,0.666666666666667,0.916666666666667,9.25,0.2,0.1,0.1,0.2,0,0,0.5,0,0,0.5,1,65,26,40,66,2,292,275,0,0,0,96.97,"2"
609,2,40.5022321428571,3.32366071428571,3.859375,27.328125,5.96428571428571,0.0267857142857143,15.8035714285714,0.37719298245614,0.105263157894737,0.271929824561404,0.087719298245614,0.192982456140351,0.0964912280701754,3.73684210526316,8.49122807017544,4.24561403508772,16.4736842105263,1680,5663,2858,3210,6068,0,0,0,192.5,248.5,246,65.79,"1"
610,2,37.6470588235294,3.63101604278075,2.73529411764706,30.1871657754011,1.09358288770053,0,22.5508021390374,0.330188679245283,0.132075471698113,0.19811320754717,0.0849056603773585,0.19811320754717,0.0471698113207547,3.56603773584906,8.71698113207547,2.07547169811321,14.3584905660377,1117,4240,3896,647,4543,0,0,0,227.5,211.5,214,68.74,"1"
611,2,35.1611721611722,2.95970695970696,4.46886446886447,27.1318681318681,0.600732600732601,0,20.7765567765568,0.340909090909091,0.113636363636364,0.227272727272727,0.113636363636364,0.159090909090909,0.0681818181818182,4.45454545454545,6.40909090909091,3,13.8636363636364,569,2034,1246,1292,2538,0,0,0,85,220.5,214,62.61,"1"
612,2,36.8153846153846,2.48205128205128,2.45128205128205,22.2564102564103,9.62564102564103,0,15.4974358974359,0.3,0.1,0.2,0.0857142857142857,0.185714285714286,0.0285714285714286,3.2,6.94285714285714,1.25714285714286,11.4,333,2054,1213,1041,2254,37,228,220,0,0,0,76.35,"1"
613,2,34.073664825046,0.810313075506446,2.01104972375691,20.9410681399632,10.3112338858195,0,18.0313075506446,0.347457627118644,0.11864406779661,0.228813559322034,0.11864406779661,0.177966101694915,0.0508474576271186,4.15254237288136,7.51694915254237,2.23728813559322,13.9067796610169,2193,5973,3149,3489,6638,59,253.5,242,54.5,241.5,238,56.94,"1"
614,2,32.4864864864865,3.09189189189189,6.34594594594595,22.1891891891892,0.827027027027027,0.0324324324324324,18.9567567567568,0.341772151898734,0.113924050632911,0.227848101265823,0.0506329113924051,0.253164556962025,0.0379746835443038,1.78481012658228,11.1392405063291,1.67088607594937,14.5949367088608,307,1859,1383,1043,2426,44.5,243,244,0,0,0,63.97,"1"
615,2,37.3392857142857,5.23809523809524,5.35119047619048,22.6547619047619,3.95238095238095,0.142857142857143,18.0833333333333,0.282051282051282,0.0641025641025641,0.217948717948718,0.0897435897435897,0.153846153846154,0.0384615384615385,3.38461538461538,6.53846153846154,1.69230769230769,11.6153846153846,271,1582,1202,901,2103,31,230,239.5,0,0,0,62.34,"1"
616,2,38.2166172106825,2.87240356083086,1.84569732937685,25.0207715133531,8.47774480712166,0,17.8278931750742,0.337579617834395,0.0573248407643312,0.280254777070064,0.0509554140127389,0.229299363057325,0.0573248407643312,1.5859872611465,9.26114649681529,2.31847133757962,13.1656050955414,1470,4704,2845,2506,5351,55.5,250,233,0,0,0,60.44,"1"
617,2,39.8478260869565,4.06521739130435,4.78260869565217,28.5923913043478,2.40760869565217,0,20.929347826087,0.25,0.0526315789473684,0.197368421052632,0.0789473684210526,0.105263157894737,0.0657894736842105,2.59210526315789,4.63157894736842,2.89473684210526,10.1184210526316,219,1702,991,890,1881,22,282,284,0,0,0,78.84,"1"
618,2,39.3873015873016,2.05079365079365,4.5968253968254,31.6190476190476,1.12063492063492,0,13.6888888888889,0.347826086956522,0.072463768115942,0.27536231884058,0.0797101449275362,0.173913043478261,0.072463768115942,3.23913043478261,7.60869565217391,3.18840579710145,14.036231884058,719,3774,2581,2140,4721,60.5,219.5,201,0,0,0,64.71,"1"
620,2,40.1360294117647,2.09558823529412,3.55882352941176,34.0183823529412,0.463235294117647,0,18.2352941176471,0.337209302325581,0.0465116279069767,0.290697674418605,0.0465116279069767,0.267441860465116,0.0232558139534884,1.76744186046512,11.2093023255814,1.02325581395349,14,697,2739,1821,1756,3577,34.5,252.5,238.5,0,0,0,57.09,"1"
621,2,39.03125,4.58333333333333,2.75,27.84375,3.74479166666667,0.109375,18.2916666666667,0.293333333333333,0.08,0.213333333333333,0.133333333333333,0.106666666666667,0.0533333333333333,4.89333333333333,4.45333333333333,2.34666666666667,11.6933333333333,290,1423,990,748,1738,21.5,241.5,235.5,0,0,0,65.19,"1"
623,2,39.3896103896104,4.53246753246753,7.32467532467532,26.8051948051948,0.727272727272727,0,20.8181818181818,0.25,0.0681818181818182,0.181818181818182,0.0909090909090909,0.0227272727272727,0.136363636363636,1.81818181818182,1,6,8.81818181818182,97,0,291,154,445,0,0,0,0,0,0,38.43,"2"
624,2,32.3076923076923,3.14423076923077,2.59615384615385,22.6826923076923,3.88461538461538,0,8.31730769230769,0.2,0.0571428571428571,0.142857142857143,0.0571428571428571,0.128571428571429,0.0142857142857143,1.57142857142857,5.65714285714286,0.628571428571429,7.85714285714286,89,0,367,136,503,0,0,0,0,0,0,71.37,"2"
625,2,37.5294117647059,3.9572192513369,2.68449197860963,27.8288770053476,3.05882352941176,0,16.3422459893048,0.306451612903226,0.0887096774193548,0.217741935483871,0.0564516129032258,0.17741935483871,0.0725806451612903,1.78225806451613,7.60483870967742,3.19354838709677,12.5806451612903,232,1479,920,656,1576,20.5,251,252,0,0,0,79.12,"2"
626,2,40.7692307692308,2.96153846153846,1.26923076923077,36.5128205128205,0.0256410256410256,0,15.0096153846154,0.291338582677165,0.0866141732283465,0.204724409448819,0.062992125984252,0.173228346456693,0.0551181102362205,2.34645669291339,6.78740157480315,2.4251968503937,11.5590551181102,1400,5082,2821,2742,5563,52,245.5,221.5,0,0,0,67.43,"1"
628,2,37.4585365853659,3.86341463414634,4.00975609756098,24.780487804878,4.80487804878049,0,14.180487804878,0.323529411764706,0.102941176470588,0.220588235294118,0.0882352941176471,0.191176470588235,0.0441176470588235,2.55882352941176,8.11764705882353,1.76470588235294,12.4411764705882,499,1358,1034,841,1875,14,248,238.5,0,0,0,45.81,"1"
629,2,36.705,0.88,3.6525,24.81,7.275,0.0875,16.065,0.380434782608696,0.0760869565217391,0.304347826086957,0.0543478260869565,0.239130434782609,0.0869565217391304,2.02173913043478,9.47826086956522,3.82608695652174,15.3260869565217,1185,5289,3080,2763,5843,41.5,250,238.5,56,239,209,70.24,"1"
630,2,38.585,4.4,3.325,18.395,12.41,0.055,19.265,0.351351351351351,0.0945945945945946,0.256756756756757,0.108108108108108,0.189189189189189,0.0540540540540541,3.54054054054054,7.67567567567568,2.37837837837838,13.5945945945946,652,2198,1499,1288,2787,32.5,271.5,268.5,0,0,0,55.47,"1"
631,2,38.665,3.94,1.605,21.785,11.335,0,15.81,0.301075268817204,0.032258064516129,0.268817204301075,0.0752688172043011,0.193548387096774,0.032258064516129,2.36559139784946,8.1505376344086,1.41935483870968,11.9354838709677,562,3081,1591,1711,3302,36.5,239.5,257,0,0,0,76.29,"1"
632,2,37.1094527363184,4.25870646766169,7.51741293532338,25.1044776119403,0.228855721393035,0,12.6119402985075,0.310344827586207,0.114942528735632,0.195402298850575,0.0689655172413793,0.195402298850575,0.0459770114942529,2.7816091954023,7.6551724137931,2.02298850574713,12.4597701149425,846,2939,1629,1532,3161,29.5,277.5,271.5,0,0,0,66.21,"1"
634,2,32.2258064516129,3.14516129032258,1.69354838709677,26.241935483871,1.14516129032258,0,12.9838709677419,0.409090909090909,0.0454545454545455,0.363636363636364,0.181818181818182,0.181818181818182,0.0454545454545455,3.36363636363636,5.09090909090909,2,10.4545454545455,93,358,186,216,402,7,263,246.5,0,0,0,65.92,"2"
635,2,17.8965517241379,0,0.206896551724138,15.0344827586207,2.6551724137931,0,17.3448275862069,0.266666666666667,0.0666666666666667,0.2,0.0666666666666667,0.0666666666666667,0.133333333333333,0.333333333333333,2.93333333333333,5.86666666666667,9.13333333333333,8,114,82,49,131,2,281,232,0,0,0,80.92,"2"
637,2,39.3798882681564,3.4413407821229,4.77094972067039,22.7765363128492,8,0.391061452513966,17.9497206703911,0.288135593220339,0.0508474576271186,0.23728813559322,0.0677966101694915,0.0847457627118644,0.135593220338983,2.57627118644068,3.72881355932203,5.96610169491525,12.271186440678,682,1885,1179,975,2154,32.5,236.5,225,0,0,0,55.85,"1"
639,2,30.0869565217391,0.434782608695652,0.608695652173913,28.9275362318841,0.115942028985507,0,14.0724637681159,0.12,0,0.12,0.08,0,0.04,1.84,0,1.76,3.6,143,578,360,282,642,6.5,267.5,258.5,0,0,0,67.76,"2"
641,2,31.3846153846154,1.43589743589744,1.05128205128205,27.0769230769231,1.71794871794872,0.102564102564103,15.8461538461538,0.454545454545455,0.181818181818182,0.272727272727273,0.363636363636364,0,0.0909090909090909,5,0,4,9,23,353,212,163,375,5,230.5,237.5,0,0,0,88,"2"
642,2,35.6134453781513,3.26890756302521,1.01680672268908,26.453781512605,4.87394957983193,0,15.436974789916,0.28,0.08,0.2,0.12,0.04,0.08,3.2,1.48,3.52,8.2,263,1106,669,518,1187,11.5,261.5,250.5,0,0,0,71.02,"2"
643,2,36.4676258992806,3.38129496402878,3.29496402877698,23.4172661870504,6.23021582733813,0.143884892086331,17.4892086330935,0.238095238095238,0.0238095238095238,0.214285714285714,0.0714285714285714,0.119047619047619,0.0476190476190476,1.26190476190476,4.52380952380952,1.76190476190476,7.54761904761905,310,1039,580,597,1177,13,213,216,0,0,0,61.94,"2"
644,2,38.0769230769231,1.80769230769231,0.5,32.1538461538462,3.61538461538462,0,12.1346153846154,0.315789473684211,0.157894736842105,0.157894736842105,0.0526315789473684,0.263157894736842,0,0.315789473684211,5.68421052631579,0,6,53,240,169,82,251,3,269,230,0,0,0,74.5,"2"
645,2,20.9666666666667,2.2,0.333333333333333,18.2666666666667,0.133333333333333,0.0333333333333333,12.9333333333333,0.2,0,0.2,0,0,0.2,0,0,8.8,8.8,23,68,59,16,75,2,232,209,0,0,0,60,"2"
656,2,37.8254716981132,1.9811320754717,5.63207547169811,24.9622641509434,5.25,0,13.9905660377358,0.379746835443038,0.151898734177215,0.227848101265823,0.10126582278481,0.20253164556962,0.0759493670886076,2.0126582278481,7.43037974683544,3.34177215189873,12.7848101265823,407,2071,1304,912,2216,0,0,0,79,241,240,75.09,"1"
657,2,39.7484662576687,1.85889570552147,5.53374233128834,26.2638036809816,6.0920245398773,0,15.2331288343558,0.327868852459016,0.0819672131147541,0.245901639344262,0.114754098360656,0.163934426229508,0.0491803278688525,3.09836065573771,6.18032786885246,2.16393442622951,11.4426229508197,289,1570,900,779,1679,38.5,237,233.5,0,0,0,76.3,"1"
658,2,37.5592105263158,2.31578947368421,1.98026315789474,28.3289473684211,4.93421052631579,0,9.13157894736842,0.27027027027027,0.0540540540540541,0.216216216216216,0.027027027027027,0.202702702702703,0.0405405405405405,1.17567567567568,7.72972972972973,1.78378378378378,10.6891891891892,396,1764,1003,1022,2025,19.5,283,278.5,0,0,0,67.56,"1"
659,2,17.7,0.7,0.7,16.0666666666667,0.233333333333333,0,11.1666666666667,0.333333333333333,0.25,0.0833333333333333,0.166666666666667,0.0833333333333333,0.0833333333333333,0.666666666666667,0.166666666666667,3.66666666666667,4.5,10,67,40,30,70,3,163,167,0,0,0,81.43,"2"
661,2,17.906976744186,0.558139534883721,3.06976744186047,14.2790697674419,0,0,14.3255813953488,0.307692307692308,0.153846153846154,0.153846153846154,0.153846153846154,0.0769230769230769,0.0769230769230769,0.615384615384615,0.153846153846154,3.38461538461538,4.15384615384615,30,192,92,111,203,2,163,165,0,0,0,79.8,"2"
662,2,16.1764705882353,0.617647058823529,0.617647058823529,14.5882352941176,0.294117647058824,0.0588235294117647,12.7058823529412,0.307692307692308,0.153846153846154,0.153846153846154,0.153846153846154,0.153846153846154,0,0.461538461538462,3.53846153846154,0,4,10,88,41,49,90,1.5,227,194,0,0,0,86.67,"2"
783,2,28.0833333333333,1.75,1.83333333333333,24.5,0,0,9.58333333333333,0.2,0.2,0,0,0,0.2,0,0,8.8,8.8,0,51,18,33,51,1,0,0,0,0,0,100,"2"
795,2,30.2727272727273,1.90909090909091,1.90909090909091,26.3636363636364,0.0909090909090909,0,5.90909090909091,0.25,0,0.25,0,0,0.25,0,0,11,11,6,47,23,24,47,1,0,0,0,0,0,87.23,"2"
4531,7,35.001872659176,1.23595505617978,0.318352059925094,32.9962546816479,0.451310861423221,0,14.4850187265918,52,14,38,11,25,15,344,1009,643,1996,2959,7743,4692,4280,8972,77,275,272.5,71.5,268.5,281,53.32,"3"
4540,7,28.5196078431373,3.01960784313725,3.05882352941176,15.5490196078431,6.8921568627451,0,15.2647058823529,15,4,11,4,8,3,54,280,114,448,235,693,432,445,877,0,0,0,0,0,0,52.22,"1"
4543,7,33.3612565445026,3.21465968586387,0.549738219895288,21.4764397905759,7.75392670157068,0.366492146596859,9.86387434554974,23,6,17,5,15,3,124,618,132,874,133,0,466,326,792,0,0,0,0,0,0,53.28,"1"
4546,7,33.4181818181818,3.16969696969697,2.26666666666667,26.9878787878788,0.824242424242424,0.16969696969697,14.2121212121212,22,4,18,5,13,4,109,491,176,776,148,0,497,345,842,0,0,0,0,0,0,54.75,"1"
4548,7,36.2857142857143,2.51428571428571,1.46666666666667,30.3952380952381,1.77142857142857,0.138095238095238,11.8428571428571,24,6,18,11,8,4,258,282,176,716,520,1452,1213,798,2011,20.5,233,217,0,0,0,46.35,"1"
4551,7,29.6727272727273,4.83636363636364,0,23.6363636363636,1.2,0,10.6,1,0,1,0,0,1,0,0,30,30,43,0,98,79,177,0,0,0,0,0,0,64.41,"2"
4553,7,32.9299719887955,2.58823529411765,0.65546218487395,26.4453781512605,3.24089635854342,0,19.1540616246499,49,10,39,9,24,16,305,1056,704,2065,1483,4148,15,4440,4455,0,0,0,265.5,254,239,59.82,"3"
4555,7,33.5183946488294,2.06020066889632,2.32441471571906,20.8127090301003,8.32107023411371,0,21.3779264214047,37,19,18,4,19,14,138,818,616,1572,956,2467,2765,0,2765,0,0,0,161.5,224,246,54.65,"3"
4557,7,31.9323308270677,2.54135338345865,2.11278195488722,20.2593984962406,7.0187969924812,0,21.0789473684211,28,10,18,6,11,6,240,484,264,988,485,1648,1007,852,1859,0,0,0,94,224.5,207.5,62.56,"3"
4558,7,29.0660377358491,5.81132075471698,3.95283018867925,19.3018867924528,0,0,18.7264150943396,14,12,2,3,7,4,44,255,176,475,140,0,712,700,1412,0,0,0,0,0,0,41.22,"1"
4559,7,27.1780821917808,2.91780821917808,2.10958904109589,15.6849315068493,6.46575342465753,0,16.5479452054795,15,10,5,2,6,7,74,264,308,646,90,430,271,224,495,0,0,0,40.5,212,209,68.69,"1"
4560,7,35.7944444444444,2.28055555555556,4.99444444444444,13.6,14.9166666666667,0.00277777777777778,19.9305555555556,23,10,13,3,11,9,124,484,400,1008,478,2103,1309,975,2284,0,0,0,103.5,212.5,217,72.72,"3"
4561,7,29.4785714285714,4.07857142857143,1.27857142857143,21.8285714285714,2.29285714285714,0,16.6928571428571,15,6,9,2,6,7,44,255,308,607,124,604,482,354,836,0,0,0,22,231.5,203.5,57.42,"1"
4563,7,33.109375,2.40625,1.6796875,28.42578125,0.59765625,0,16.6171875,19,7,12,6,7,6,191,298,264,753,280,1389,941,804,1745,12,258.5,258.5,14,226,209,63.55,"1"
4564,7,36.1785234899329,1.12214765100671,1.97852348993289,25.3718120805369,7.69127516778523,0.0147651006711409,14.0644295302013,72,14,58,17,42,13,650,1447,572,2669,4635,9877,6580,5452,12032,112.5,264,261.5,111.5,266.5,282.5,43.57,"3"
4565,7,34.2857142857143,2.35714285714286,1.25714285714286,28.7357142857143,1.93571428571429,0,16.4857142857143,30,10,20,6,18,6,160,673,264,1097,908,2958,2120,1484,3604,37.5,250,249,27,220,239,56.88,"3"
4569,7,35.9528795811518,3.15183246073298,2.33507853403141,23.5811518324607,6.64397905759162,0.240837696335079,13.434554973822,17,5,12,3,7,7,102,276,268,646,372,1799,1118,1017,2135,26.5,271.5,280,0,0,0,66.84,"1"
4571,7,36.5253164556962,2.08860759493671,0.89873417721519,24.5253164556962,8.61392405063291,0.39873417721519,18.0569620253165,30,13,17,4,15,11,104,564,487,1155,613,2192,1361,1200,2561,16,246,252,43,216.5,214,67.47,"3"
4572,7,32.8216783216783,2.76923076923077,1.03146853146853,26.3741258741259,2.54545454545455,0.101398601398601,17.5104895104895,29,10,19,7,12,10,169,514,432,1115,717,2587,2120,1420,3540,37.5,256.5,245,66.5,236,254,52.82,"3"
4574,7,35.6468330134357,2.02687140115163,1.72744721689059,31.8925143953935,0,0,17.9712092130518,47,10,37,17,22,8,581,759,352,1692,2229,5801,92,6536,6628,48.5,279,261,68.5,263.5,243.5,53.89,"3"
4575,7,35.9189189189189,2.05405405405405,1.36609336609337,31.3955773955774,1.1031941031941,0,14.97542997543,35,19,16,9,18,8,227,615,354,1196,1036,3431,2192,1642,3834,46,248.5,248.5,0,0,0,62.47,"3"
4576,7,39.2673796791444,2.82352941176471,1.99465240641711,27.9144385026738,6.40106951871658,0.133689839572193,17.7914438502674,25,13,12,8,13,4,149,398,177,724,345,1627,1005,736,1741,33.5,230,210.5,0,0,0,73.64,"1"
4577,7,34.0176056338028,1.08450704225352,1.75,27.4366197183099,3.7112676056338,0.0352112676056338,12.5246478873239,21,6,15,5,11,5,113,412,220,745,496,1642,1326,1159,2485,15,233.5,224,22,202,210.5,46.12,"1"
4579,7,35.0676328502415,2.32367149758454,1.48309178743961,27.6135265700483,3.39130434782609,0.256038647342995,17.3768115942029,22,10,12,7,9,5,182,380,220,782,644,1821,1212,1126,2338,48,259,245,0,0,0,50.34,"1"
4581,7,36.1528662420382,4.0828025477707,4.79617834394904,24.2165605095541,3.02547770700637,0.0318471337579618,12.8726114649682,17,4,13,4,6,7,82,212,282,576,164,798,593,450,1043,14.5,225,204.5,0,0,0,60.79,"1"
4582,7,36.0641025641026,3.74358974358974,2.46153846153846,29.8589743589744,0,0,12.5641025641026,13,6,7,4,5,4,118,212,176,506,137,657,528,375,903,17.5,220.5,208,0,0,0,57.59,"1"
4585,7,33.248275862069,1.66896551724138,0.996551724137931,26.2413793103448,4.34137931034483,0,12.5689655172414,22,4,18,7,6,9,209,257,346,812,714,2273,1649,1354,3003,25.5,253.5,248.5,18.5,257.5,236.5,51.91,"3"
4586,7,35.5666666666667,2.90952380952381,3.06666666666667,20.9380952380952,8.65238095238095,0,16.152380952381,20,7,13,6,8,6,126,348,267,741,229,1256,754,662,1416,26.5,232,222,0,0,0,78.25,"1"
4588,7,33.6923076923077,1.60323886639676,0.819838056680162,23.0931174089069,7.82793522267206,0.348178137651822,12.4331983805668,46,15,31,7,29,10,243,953,440,1636,2329,5992,3980,3436,7416,93,263.5,257,71,260.5,268.5,49.39,"3"
4589,7,33.252,2.288,1.248,28.072,1.468,0.176,12.256,22,8,14,10,5,7,365,220,294,879,416,1802,1075,942,2017,20,230.5,220,33.5,201.5,220.5,68.72,"3"
4591,7,34.6551724137931,1.44297082228117,2.72944297082228,20.1432360742706,10.0477453580902,0.291777188328912,15.8461538461538,38,12,26,6,23,6,131,1002,255,1388,511,3642,1944,1871,3815,56,227.5,218.5,0,0,0,82.07,"3"
4592,7,34.4410256410256,3.61025641025641,2.14871794871795,24.6307692307692,4.02564102564103,0.0256410256410256,12.4,15,3,12,4,8,3,88,344,132,564,201,1237,902,643,1545,23.5,230.5,217,0,0,0,68.48,"1"
4597,7,37.8533333333333,4.69333333333333,9.85333333333333,19.84,3.32,0.146666666666667,17.2,11,2,9,4,6,1,39,216,44,299,87,333,189,203,392,0,0,0,0,0,0,62.76,"1"
4603,7,35.2275862068966,3.9448275862069,0.303448275862069,30.5034482758621,0.475862068965517,0,12.6275862068966,13,4,9,8,3,2,186,118,88,392,266,740,577,372,949,15,271.5,268,0,0,0,49.95,"1"
4609,7,36.8544303797468,3.95569620253165,1.4746835443038,22.9556962025316,8.46835443037975,0,14.9050632911392,15,3,12,4,5,6,123,198,264,585,237,1151,733,525,1258,24.5,255.5,254,0,0,0,72.66,"1"
4612,7,34.7762237762238,3.66433566433566,2.6993006993007,24.3426573426573,4.06993006993007,0,15.3216783216783,12,4,8,6,3,3,154,124,133,411,114,617,409,291,700,11,230.5,224,0,0,0,71.86,"1"
4613,7,33.85,1.375,2.1625,29.31875,0.96875,0.025,10.84375,15,10,5,4,6,5,95,190,220,505,77,530,404,227,631,16.5,255.5,238.5,0,0,0,71.79,"1"
4614,7,34.3741496598639,3.29251700680272,2.58503401360544,22.3877551020408,6.05442176870748,0.054421768707483,15.5714285714286,19,6,13,4,9,6,116,326,250,692,264,1402,769,761,1530,21,248.5,236.5,0,0,0,75.69,"1"
4622,7,34.125748502994,3.40119760479042,1.74850299401198,27.7664670658683,1.20958083832335,0,13.4251497005988,12,5,7,3,6,3,36,127,132,295,239,963,556,491,1047,8,252,239,0,0,0,69.15,"1"
4869,7,35.7828282828283,2.70707070707071,1.48484848484848,18.3737373737374,13.1919191919192,0.0252525252525253,14.7828282828283,21,4,17,1,15,5,18,600,220,838,791,2845,1622,1453,3075,42,275.5,265.5,0,0,0,66.8,"1"
4870,7,31.5217391304348,2.76328502415459,5.36231884057971,17.7729468599034,5.6231884057971,0,16.8164251207729,20,10,10,0,14,6,0,616,264,880,450,1817,905,975,1880,0,0,0,52,245,242,72.71,"1"
4871,7,29.7368421052632,1.35087719298246,2.44736842105263,22.1491228070175,3.78947368421053,0,15.2280701754386,13,2,11,1,8,4,44,302,176,522,354,1679,865,917,1782,17.5,262.5,263,17,212,195,74.35,"1"
4873,7,37.1007751937984,2.87596899224806,5.96899224806202,26.922480620155,1.33333333333333,0,15.8139534883721,11,0,11,1,9,1,40,361,44,445,218,1068,579,565,1144,14,267,250,0,0,0,74.3,"1"
4875,7,20,2.4,2,15.6,0,0,15.85,1,0,1,0,0,1,0,0,22,22,3,62,40,26,66,1.5,244,227,0,0,0,89.39,"2"
4877,7,18.7368421052632,3.68421052631579,1.47368421052632,13.5789473684211,0,0,16.5789473684211,2,1,1,0,0,2,0,0,52,52,17,58,47,23,70,1,0,0,0,0,0,58.57,"2"
4879,7,31.5869565217391,0.782608695652174,0.608695652173913,28.6086956521739,1.58695652173913,0,16.195652173913,2,0,2,0,1,1,0,36,44,80,53,249,132,139,271,3,221,190.5,0,0,0,72.32,"2"
4882,7,21.9333333333333,1.53333333333333,0.133333333333333,19.6666666666667,0.6,0,8.9,2,1,1,0,1,1,0,22,44,66,14,90,50,42,92,3,244.5,214.5,0,0,0,82.61,"2"
4886,7,20,2.4,0,17.6,0,0,17.85,1,0,1,0,0,1,0,0,22,22,5,67,43,26,69,2,275,240,0,0,0,89.86,"2"
4889,7,18.7368421052632,2.21052631578947,0,16.5263157894737,0,0,15.8421052631579,1,0,1,0,0,1,0,0,22,22,6,66,42,24,66,2,188,227,0,0,0,90.91,"2"
4890,7,32.5431034482759,3.29310344827586,2.43965517241379,22.6551724137931,4.1551724137931,0,14.5775862068966,5,1,4,0,3,2,0,109,66,175,91,609,366,293,659,7.5,240.5,240,0,0,0,78.6,"2"
4897,7,38.5311778290993,1.32101616628176,3.92609699769053,23.0023094688222,10.2817551963049,0,16.4110854503464,36,17,19,10,16,10,306,649,440,1395,1022,4119,2562,2283,4845,0,0,0,96.5,217,228.5,73.4,"3"
4898,7,39.951768488746,1.19614147909968,3.5048231511254,29.2508038585209,5.96784565916399,0.0321543408360129,12.6688102893891,38,17,21,7,22,9,252,934,396,1582,1244,4764,2479,2524,5003,52,268,255.5,0,0,0,70.36,"3"
4901,7,31.7272727272727,1.27272727272727,0.272727272727273,27.1818181818182,3,0,7.36363636363636,2,0,2,2,0,0,4,0,0,4,0,28,22,6,28,4,247,207,0,0,0,100,"2"
4902,7,37.0561224489796,2.46938775510204,2.8469387755102,20.0051020408163,11.734693877551,0,13.8367346938776,25,10,15,9,8,8,225,305,338,868,293,1528,984,623,1607,16,254.5,251,0,0,0,76.85,"1"
4904,7,24.4705882352941,0.823529411764706,2.64705882352941,21,0,0,16.0588235294118,1,0,1,1,0,0,2,0,0,2,7,89,63,27,90,0,0,0,0,0,0,91.11,"2"
4906,7,28.2857142857143,0.5,2.21428571428571,25.5714285714286,0,0,18.1428571428571,2,1,1,1,1,0,2,38,0,40,2,39,17,27,44,3,254,241,0,0,0,84.09,"2"
4907,7,40.6666666666667,4.55555555555556,0.222222222222222,35.8888888888889,0,0,12,1,0,1,1,0,0,2,0,0,2,1,17,8,9,17,1,0,0,0,0,0,94.12,"2"
4908,7,37.56,3.06,7.07333333333333,23.8533333333333,3.57333333333333,0,10.2666666666667,12,2,10,5,6,1,64,208,44,316,135,772,478,331,809,8,232.5,239,0,0,0,78.74,"1"
4909,7,37.5479452054795,4.21917808219178,2,30.5753424657534,0.753424657534247,0,9.76712328767123,8,1,7,5,1,2,48,44,47,139,83,391,251,153,404,3,213,219,0,0,0,76.24,"2"
4913,7,28,0,1.94117647058824,19.9411764705882,1.64705882352941,4.47058823529412,19.4705882352941,3,1,2,3,0,0,47,0,0,47,2,38,13,29,42,0,0,0,0,0,0,85.71,"2"
4915,7,31.7258064516129,4.12903225806452,7.09677419354839,20.5,0,0,10.1129032258065,4,1,3,3,0,1,56,0,44,100,4,170,140,38,178,1.5,243,183,0,0,0,93.26,"2"
4917,7,25.375,0.875,3.1875,21.125,0.125,0.0625,14.75,2,0,2,2,0,0,4,0,0,4,9,24,6,22,28,3,224,232,0,0,0,53.57,"2"
4918,7,38.6086956521739,1.56521739130435,4.8695652173913,30.2608695652174,1.91304347826087,0,17.2173913043478,2,0,2,2,0,0,16,0,0,16,7,67,61,23,84,1,0,0,0,0,0,71.43,"2"
4920,7,30.25,1.75,1.75,25.5,1.25,0,28.25,1,0,1,0,0,1,0,0,44,44,9,49,20,29,49,1,0,0,0,0,0,81.63,"2"
6348,4,39.0743801652893,3.45454545454545,2.71900826446281,26.7685950413223,6.13223140495868,0,15.595041322314,17,7,10,1,12,4,44,528,176,748,364,2855,1613,1501,3114,0,0,0,82.5,236.5,235.5,82.24,"1"
6349,4,40.8128342245989,4.23529411764706,1.86631016042781,26.0213903743315,8.68983957219251,0,18.3636363636364,29,9,20,4,18,7,168,750,308,1226,420,2101,1166,1164,2330,28,261,275.5,0,0,0,72.15,"3"
6350,4,39.858024691358,2.44444444444444,10.1975308641975,26.8086419753086,0.407407407407407,0,18.2037037037037,18,5,13,3,12,3,112,434,118,664,163,1433,791,707,1498,10.5,259.5,247.5,0,0,0,84.78,"1"
6351,4,38.9271523178808,2.62251655629139,2.3841059602649,24.6953642384106,9.22516556291391,0,14.887417218543,18,6,12,3,7,8,110,266,284,660,84,995,487,540,1027,6.5,280.5,260.5,0,0,0,88.7,"1"
6352,4,40.3149606299213,2.92913385826772,2.06299212598425,33.1181102362205,1.8740157480315,0.330708661417323,16.2125984251969,15,5,10,3,11,1,89,436,44,569,98,820,494,372,866,6,249,253,0,0,0,83.37,"1"
6353,4,24.2631578947368,1.05263157894737,4.73684210526316,17,1.47368421052632,0,22.2631578947368,2,0,2,1,1,0,8,22,0,30,5,65,20,45,65,1.5,306,234,0,0,0,92.31,"2"
6358,4,17.2,0.7,0.6,11.05,4.8,0.05,6.35,3,2,1,1,1,1,11,10,44,65,0,64,42,23,65,3,256,207,0,0,0,98.46,"2"
6361,4,16.6666666666667,0.857142857142857,0.333333333333333,12.0952380952381,3.33333333333333,0.0476190476190476,4.80952380952381,1,1,0,0,0,1,0,0,44,44,4,21,20,1,21,2,219,218,0,0,0,80.95,"2"
6363,4,23.4761904761905,0.952380952380952,2,15.3333333333333,5.19047619047619,0,10.952380952381,2,1,1,0,2,0,0,8,0,8,0,21,4,17,21,1,0,0,0,0,0,100,"2"
6370,4,33.7272727272727,2,4.18181818181818,26,1.54545454545455,0,28.8181818181818,0,0,0,0,0,0,0,0,0,0,0,17,10,7,17,0,0,0,0,0,0,100,"2"
6371,4,17.34375,0.59375,3.03125,12.59375,1.125,0,12.6875,0,0,0,0,0,0,0,0,0,0,16,91,60,32,92,1,0,0,0,0,0,81.52,"2"
6373,4,25.6285714285714,0.542857142857143,1.34285714285714,19.5714285714286,4.11428571428571,0.0571428571428571,15.8285714285714,1,1,0,0,0,1,0,0,44,44,18,216,102,118,220,4,264,248,0,0,0,90,"2"
6374,4,20.5238095238095,0.571428571428571,2.42857142857143,15.9047619047619,1.33333333333333,0.285714285714286,5.23809523809524,0,0,0,0,0,0,0,0,0,0,2,24,14,13,27,2.5,287.5,247.5,0,0,0,81.48,"2"
6377,4,23.6666666666667,0,0,23.0952380952381,0.571428571428571,0,10.4761904761905,0,0,0,0,0,0,0,0,0,0,3,40,26,20,46,2,215,233,0,0,0,80.43,"2"
6397,4,38.004854368932,3.02427184466019,2.86893203883495,26.878640776699,4.80582524271845,0.427184466019417,16.0291262135922,15,6,9,2,9,4,88,396,176,660,215,1690,870,869,1739,14.5,246.5,244,26,241,216,84.82,"1"
6398,4,39.7924528301887,2.28301886792453,2.28301886792453,26.0660377358491,8.99528301886792,0.165094339622642,13.7924528301887,28,6,22,2,19,7,58,836,308,1202,699,3418,1759,1826,3585,20.5,263,263.5,0,0,0,75.84,"3"
6399,4,38.0740740740741,3.80246913580247,1.46913580246914,31.5,1.30246913580247,0,17.6913580246914,24,9,15,4,20,0,140,880,0,1020,209,1735,866,909,1775,25.5,269.5,248.5,13.5,239.5,202.5,85.97,"1"
6400,4,17.76,0.76,0.16,12.88,3.92,0.04,7.68,0,0,0,0,0,0,0,0,0,0,0,53,27,26,53,2,254,229,0,0,0,100,"2"
6407,4,16,0.318181818181818,0.272727272727273,10.4090909090909,4.95454545454545,0.0454545454545455,14.4090909090909,1,1,0,0,0,1,0,0,22,22,2,55,24,31,55,0,0,0,0,0,0,96.36,"2"
6410,4,15.5217391304348,0.391304347826087,0.304347826086957,11.5652173913043,3.21739130434783,0.0434782608695652,4.73913043478261,1,1,0,0,0,1,0,0,22,22,4,49,36,13,49,1.5,231,198,0,0,0,91.84,"2"
6411,4,17.2857142857143,0.678571428571429,0.321428571428571,10.7142857142857,5.53571428571429,0.0357142857142857,8.57142857142857,1,1,0,0,0,1,0,0,22,22,4,116,49,75,124,0,0,0,0,0,0,90.32,"2"
6413,4,17.3478260869565,1.1304347826087,0.304347826086957,12.7391304347826,3.1304347826087,0.0434782608695652,12.4347826086957,1,1,0,0,0,1,0,0,22,22,5,38,27,11,38,6,275,235,0,0,0,86.84,"2"
6415,4,16.7619047619048,0.333333333333333,0.952380952380952,12,3.42857142857143,0.0476190476190476,4.95238095238095,1,0,1,0,0,1,0,0,22,22,3,55,31,28,59,2,253,225,0,0,0,88.14,"2"
6452,4,39.2053872053872,2.07407407407407,18.1683501683502,18.5622895622896,0.400673400673401,0,14.9057239057239,27,12,15,5,14,8,192,574,352,1118,388,3432,1738,1789,3527,25.5,248,222,34.5,234,197,86.31,"3"
6454,4,38.5274725274725,0.461538461538462,2.52747252747253,26.8241758241758,8.71428571428571,0,11.8791208791209,5,4,1,3,1,1,29,44,44,117,32,484,232,266,498,5,233.5,201,0,0,0,90.76,"2"
6455,4,33.566265060241,1.08433734939759,1.80722891566265,21.6746987951807,9,0,12.4096385542169,7,2,5,2,2,3,16,76,56,148,30,429,224,209,433,5,197,183,0,0,0,92.15,"2"
6456,4,37.2083333333333,0.694444444444444,2.75,24.375,9.38888888888889,0,9.22222222222222,3,3,0,2,0,1,16,0,44,60,18,300,133,168,301,4.5,230.5,203,0,0,0,93.69,"2"
6457,4,41.515923566879,0,1.52229299363057,35.3184713375796,4.67515923566879,0,13.484076433121,17,6,11,3,11,3,108,384,118,610,170,1598,784,855,1639,13,245,216.5,0,0,0,87.13,"1"
6458,4,35.2987012987013,0.545454545454545,2.16883116883117,24.5584415584416,8.02597402597403,0,8.87012987012987,5,4,1,2,1,1,16,14,44,74,18,343,181,163,344,1.5,224,179,0,0,0,94.48,"2"
6459,4,36.2352941176471,0.494117647058824,1.41176470588235,25.5647058823529,8.08235294117647,0.682352941176471,11.3882352941176,7,4,3,3,1,3,88,32,82,202,35,572,316,269,585,4.5,258.5,250.5,0,0,0,91.79,"2"
6495,4,37.6582278481013,1.24050632911392,1.16455696202532,31.7721518987342,3.48101265822785,0,9.92405063291139,4,2,2,2,1,1,16,32,44,92,17,421,185,244,429,3,232,219,0,0,0,94.17,"2"
6497,4,40.9736263736264,2.03076923076923,2.49010989010989,30.3912087912088,6.06153846153846,0,20.221978021978,54,33,21,6,34,14,203,1236,616,2055,860,5976,3430,3187,6617,0,0,0,187.5,234,226.5,82.3,"3"
6499,4,39.44,1.76,2.13714285714286,31.3942857142857,4.14857142857143,0,15.1428571428571,32,11,21,4,21,7,154,924,308,1386,239,1949,1007,1046,2053,13,275,251.5,0,0,0,83.29,"3"
6500,4,40.4317406143345,1.05119453924915,10.438566552901,23.6075085324232,5.29863481228669,0.0358361774744027,13.6894197952218,42,14,28,10,25,7,363,1055,308,1726,1900,8010,4313,4244,8557,65,251.5,252.5,0,0,0,71.4,"3"
6501,4,40,2.4321608040201,3.45226130653266,33.3040201005025,0.811557788944724,0,14.1934673366834,34,12,22,14,11,9,503,484,397,1384,951,4459,2400,2370,4770,53,257,245.5,0,0,0,73.54,"3"
6502,4,38.75,3.12142857142857,2.17857142857143,24.6928571428571,8.56428571428571,0.192857142857143,12.3428571428571,11,3,8,2,4,5,67,162,220,449,149,1082,583,526,1109,10.5,288,294,0,0,0,84.13,"1"
6504,4,38.9815950920245,1.80981595092025,1.8159509202454,26.7055214723926,8.65030674846626,0,12.4355828220859,16,6,10,3,10,3,132,440,132,704,119,960,503,482,985,16.5,243,232,0,0,0,85.38,"1"
6506,4,39.5,1,4.25,34.25,0,0,29.25,0,0,0,0,0,0,0,0,0,0,4,28,17,12,29,2,296,286,0,0,0,82.76,"2"
6508,4,39,1.375,3.375,34.25,0,0,17,0,0,0,0,0,0,0,0,0,0,4,52,24,28,52,3,247,226,0,0,0,92.31,"2"
6510,4,32.3,0.6,3.1,28.5,0.1,0,16.8,0,0,0,0,0,0,0,0,0,0,1,17,13,4,17,1,0,0,0,0,0,94.12,"2"
6512,4,39.8888888888889,1.55555555555556,1.88888888888889,30.8888888888889,1.66666666666667,3.88888888888889,17.5555555555556,1,0,1,0,1,0,0,6,0,6,5,28,20,9,29,2,241,203,0,0,0,79.31,"2"
6515,4,32,1.6,1.9,28.4,0.1,0,17,1,1,0,1,0,0,8,0,0,8,3,29,8,21,29,2,279,266,0,0,0,89.66,"2"
6521,4,32.8,1.2,2.1,29.5,0,0,11.8,0,0,0,0,0,0,0,0,0,0,0,22,5,17,22,2,334,272,0,0,0,100,"2"
6523,4,32,1.1,2.4,28.5,0,0,31.8,0,0,0,0,0,0,0,0,0,0,0,18,9,9,18,2,207,194,0,0,0,100,"2"
6524,4,34,1.91666666666667,4.41666666666667,27.6666666666667,0,0,29.75,1,1,0,1,0,0,4,0,0,4,0,21,12,10,22,1.5,269,228,0,0,0,95.45,"2"
6528,4,38.6056338028169,1.08450704225352,3.30985915492958,29.1549295774648,4.43661971830986,0.619718309859155,20.2535211267606,5,1,4,2,2,1,56,78,44,178,5,337,149,195,344,5.5,215.5,209,0,0,0,96.51,"2"
6529,4,33.25,1,2.41666666666667,29.8333333333333,0,0,15.9166666666667,1,1,0,0,1,0,0,8,0,8,0,27,26,1,27,2,0,246,0,0,0,100,"2"
6539,4,38.1052631578947,0.473684210526316,3.94736842105263,29.5263157894737,4.15789473684211,0,23.7368421052632,0,0,0,0,0,0,0,0,0,0,3,118,69,50,119,4.5,239,205,0,0,0,96.64,"2"
6585,4,40.375,2.15401785714286,1.16517857142857,28.3928571428571,8.20758928571429,0.455357142857143,17.5491071428571,59,25,34,12,28,19,452,1187,836,2475,1141,6203,3218,3721,6939,0,0,0,156.5,242,235,77.65,"3"
6587,4,39.7021943573668,2.20689655172414,0.949843260188088,23.6771159874608,12.8432601880878,0.0250783699059561,15.3887147335423,41,15,26,11,30,0,391,1192,0,1583,630,3934,2135,1962,4097,52,258,260,0,0,0,80.64,"3"
6588,4,36.1666666666667,3.28735632183908,0.379310344827586,23.2873563218391,9.21264367816092,0,15.183908045977,26,8,18,4,13,9,120,562,396,1078,266,1834,950,961,1911,14.5,237.5,240.5,0,0,0,82.05,"1"
6589,4,36.1851851851852,0.931216931216931,4.01587301587302,25.3333333333333,5.90476190476191,0,15.1798941798942,23,13,10,4,12,5,124,436,220,780,297,1933,972,1021,1993,20,263,235.5,0,0,0,82.09,"1"
6590,4,40.0493827160494,3.7283950617284,3.03703703703704,28.8395061728395,4.44444444444444,0,10.3086419753086,24,5,19,2,18,4,70,682,176,928,61,0,328,145,473,0,0,0,0,0,0,75.05,"1"
6591,4,42.7692307692308,3.23076923076923,0.153846153846154,38.6923076923077,0.692307692307692,0,29.0769230769231,0,0,0,0,0,0,0,0,0,0,1,0,159,0,159,0,0,0,0,0,0,29.56,"2"
6593,4,37.0215053763441,0,1.79569892473118,35.2258064516129,0,0,11.494623655914,5,0,5,2,2,1,12,76,44,132,88,804,371,461,832,5,276.5,248.5,0,0,0,86.06,"2"
6600,4,39,0,0,39,0,0,16.4166666666667,0,0,0,0,0,0,0,0,0,0,6,58,24,37,61,1.5,266,249,0,0,0,85.25,"2"
6602,4,22.9047619047619,0.142857142857143,0.428571428571429,22.3333333333333,0,0,16,1,0,1,0,1,0,0,20,0,20,7,94,43,52,95,3,276,230,0,0,0,91.58,"2"
6605,4,18.7407407407407,0,0,18.7407407407407,0,0,6.74074074074074,3,0,3,3,0,0,34,0,0,34,10,134,75,60,135,2,232,222,0,0,0,91.85,"2"
6608,4,33,0.0606060606060606,0.0606060606060606,32.8787878787879,0,0,7.90909090909091,3,0,3,2,0,1,10,0,38,48,13,184,84,102,186,4,247,231,0,0,0,91.94,"2"
6611,4,32.7307692307692,0.0769230769230769,0.384615384615385,32.2692307692308,0,0,20.2307692307692,1,0,1,0,1,0,0,38,0,38,8,196,99,98,197,2,229,167,0,0,0,95.43,"2"
6623,4,26.2,0,0.857142857142857,25.3428571428571,0,0,8.28571428571429,3,0,3,2,1,0,12,38,0,50,9,179,95,89,184,1,0,0,0,0,0,92.39,"2"
6628,4,25.4545454545455,0,0.0454545454545455,25.4090909090909,0,0,12.4090909090909,2,0,2,2,0,0,10,0,0,10,23,151,73,82,155,3,180,156,0,0,0,82.58,"2"
6633,4,28.8260869565217,0.391304347826087,0.456521739130435,25.8913043478261,2.08695652173913,0,12.5652173913043,5,0,5,2,3,0,12,114,0,126,46,290,153,159,312,2.5,277,228,0,0,0,78.21,"2"
6639,4,26.1538461538462,0.0512820512820513,0.0769230769230769,26.025641025641,0,0,12.974358974359,4,0,4,2,2,0,10,50,0,60,20,259,120,145,265,3,232.5,205,0,0,0,90.19,"2"
9072,6,41.3690476190476,2.67261904761905,1.86904761904762,23.1279761904762,13.2529761904762,0.446428571428571,12.5833333333333,18,3,15,3,9,6,132,396,264,792,1308,2972,2338,1940,4278,0,0,0,69,225.5,232,38.9,"1"
9075,6,36.8949771689498,3.81735159817352,8.91780821917808,23.7214611872146,0.438356164383562,0,16.9315068493151,16,5,11,2,10,4,88,440,176,704,368,1207,842,704,1546,0,0,0,47.5,195.5,209,54.27,"1"
9085,6,39.8456973293769,2.57566765578635,2.06824925816024,29.1424332344214,6.0593471810089,0,14.0059347181009,16,4,12,5,6,4,167,216,176,559,1050,2672,2285,1762,4047,26,238,219,0,0,0,40.08,"1"
9090,6,38.2406417112299,3.8716577540107,9.09625668449198,19.9786096256685,5.05882352941176,0.235294117647059,14.1711229946524,11,2,9,3,5,3,128,220,132,480,324,1353,1245,848,2093,22,209.5,199,0,0,0,49.16,"1"
9104,6,40.1457286432161,2.46231155778894,6.34170854271357,20.9698492462312,10.1834170854271,0.188442211055276,19.8969849246231,23,2,21,4,13,6,169,565,264,998,1518,4102,2902,2859,5761,99.5,257.5,241.5,0,0,0,44.85,"3"
9116,6,38.94,5.56,2.66666666666667,16.0066666666667,14.0333333333333,0.673333333333333,21.3266666666667,9,2,7,4,1,4,140,44,176,360,105,579,552,381,933,10,190.5,203.5,0,0,0,50.8,"1"
9122,6,40.268156424581,3.14245810055866,4.85195530726257,30.5307262569832,1.68715083798883,0.0558659217877095,15.8351955307263,14,1,13,4,5,4,136,218,176,530,970,2838,2278,1963,4241,58,241.5,233,0,0,0,44.05,"1"
9125,6,41.2285012285012,2.23341523341523,5.05405405405405,20.7076167076167,13.2334152334152,0,15.8255528255528,26,2,24,5,12,5,182,524,220,926,1700,4251,3070,2694,5764,43,254.5,246.5,0,0,0,44.26,"3"
9411,6,35.9022403258656,1.69450101832994,3.14663951120163,21.7983706720978,9.24032586558045,0.0224032586558045,15.0162932790224,30,5,25,8,11,11,254,476,484,1214,951,3259,3630,2959,6589,28.5,257,245.5,72,222.5,229,45.67,"3"
9414,6,40.8253968253968,2.0952380952381,1.73015873015873,23.3269841269841,13.5968253968254,0.0761904761904762,10.2253968253968,18,3,15,3,13,2,110,482,68,660,1182,3655,2465,2128,4593,30,252.5,249,0,0,0,53.84,"1"
9421,6,39.3589743589744,1.80512820512821,1.57948717948718,14.4512820512821,20.9589743589744,0.564102564102564,17.9333333333333,15,1,14,5,7,3,154,282,118,554,339,1662,1303,1069,2372,28,234.5,236.5,0,0,0,55.78,"1"
9424,6,41.3613445378151,3.55742296918767,3.11204481792717,23.2829131652661,11.4089635854342,0,16.218487394958,25,3,22,5,18,2,198,758,88,1044,1432,4448,2882,2559,5441,48.5,282.5,272.5,0,0,0,55.43,"3"
9429,6,38.8848167539267,3.22513089005236,3.95811518324607,21.3507853403141,10.3507853403141,0,14.1570680628272,16,2,14,4,12,0,124,498,0,622,446,1947,1375,1077,2452,28.5,268.5,253,0,0,0,61.22,"1"
9430,6,40.06463878327,1.3041825095057,6.38783269961977,23.1825095057034,9.19011406844106,0,13.3460076045627,18,4,14,5,9,4,158,364,176,698,822,2763,2216,2164,4380,34,247.5,242.5,0,0,0,45.73,"1"
9437,6,40.0197044334975,0.788177339901478,2.33497536945813,26.3399014778325,10.5566502463054,0,13.2167487684729,15,2,13,3,8,4,82,344,176,602,196,1359,1667,815,2482,15,231.5,226,0,0,0,46.86,"1"
9443,6,38.2658227848101,3.89873417721519,4.57594936708861,26.8544303797468,2.93670886075949,0,13.6708860759494,14,4,10,3,5,6,54,220,264,538,244,1400,854,650,1504,24,237.5,243.5,0,0,0,76.86,"1"
9457,6,39.7474747474747,2.98989898989899,1.56565656565657,25.8232323232323,9.36868686868687,0,17.8787878787879,21,4,17,5,12,4,166,480,176,822,394,1839,1392,1026,2418,32,243,244.5,0,0,0,59.76,"1"
9582,6,37.0376344086022,3.0752688172043,2.01612903225806,16.1720430107527,15.741935483871,0.032258064516129,17.4301075268817,19,4,15,6,7,6,240,308,264,812,471,1793,1152,868,2020,0,0,0,49,223,215,65.45,"1"
9585,6,35.1909547738693,3.28643216080402,2.4321608040201,25.0502512562814,4.38190954773869,0.0402010050251256,16.3366834170854,17,7,10,3,6,8,68,245,353,666,354,1229,1009,1070,2079,17.5,264.5,262,0,0,0,57.77,"1"
9587,6,36.2035398230088,2.70796460176991,4.44247787610619,28.8938053097345,0,0.15929203539823,18.1917404129793,28,10,18,7,14,7,286,588,308,1182,1095,3855,2912,2596,5508,54.5,244,229,20,223.5,215.5,59.5,"3"
9588,6,39.626582278481,5.49367088607595,4.58227848101266,24.753164556962,4.70253164556962,0.0949367088607595,16.4240506329114,21,3,18,9,7,5,335,308,220,863,263,1571,961,913,1874,24,222,211.5,0,0,0,69.8,"1"
9590,6,39.2393617021277,3.74468085106383,3.73936170212766,21.9787234042553,9.70212765957447,0.074468085106383,17.2234042553191,19,4,15,7,8,4,230,347,176,753,170,1249,792,691,1483,19,235,241.5,0,0,0,72.76,"1"
9605,6,38.7884615384615,3.94871794871795,1.97435897435897,22.9551282051282,9.3525641025641,0.557692307692308,20.0576923076923,19,6,13,8,7,4,281,300,176,757,378,1689,1113,942,2055,27,231,221.5,0,0,0,63.8,"1"
9606,6,37.2919254658385,3.77639751552795,1.87577639751553,29.0931677018634,2.54658385093168,0,16.6521739130435,19,8,11,6,7,6,256,308,264,828,247,1668,1124,824,1948,30,222.5,216.5,0,0,0,72.95,"1"
9607,6,43.15,6.6,7.7,28.85,0,0,17.875,14,4,10,3,6,5,132,264,220,616,77,0,252,131,383,0,0,0,0,0,0,49.09,"1"
9609,6,38.0409356725146,4.37426900584795,1.35672514619883,18.5380116959064,13.6315789473684,0.140350877192982,21.7426900584795,14,2,12,4,4,6,102,177,268,547,637,2104,1292,1125,2417,39,255.5,246.5,0,0,0,60.7,"1"
9610,6,39.6812749003984,2.63745019920319,1.22709163346614,34.8286852589641,0.98804780876494,0,15.1752988047809,25,7,18,9,7,9,359,308,404,1071,673,2837,1757,1594,3351,48.5,260,271.5,0,0,0,64.58,"3"
9612,6,39.6857142857143,4.3047619047619,3.06190476190476,20.9,10.3857142857143,1.03333333333333,15.6904761904762,20,5,15,7,6,7,296,264,308,868,385,2039,1227,1159,2386,46,234.5,223,0,0,0,69.32,"1"
9617,6,37.4315245478036,1.75710594315245,2.1343669250646,32.4444444444444,1.09560723514212,0,17.2222222222222,32,8,24,14,11,7,561,408,308,1277,869,4155,2798,2357,5155,81,251.5,248,0,0,0,69.18,"3"
9618,6,36.1897810218978,1.71289537712895,1.62773722627737,25.0170316301703,7.83211678832117,0,17.8929440389294,41,8,33,20,11,10,785,408,440,1633,1566,6307,3603,3271,6874,138,244,231.5,0,0,0,68.97,"3"
9626,6,32.9342105263158,8.10526315789474,1.15789473684211,21.5131578947368,2.15789473684211,0,10.3684210526316,8,5,3,1,2,5,30,88,220,338,28,0,229,135,364,0,0,0,0,0,0,84.62,"2"
10010,3,37.0170454545455,2.41477272727273,4.21590909090909,23.9545454545455,6.43181818181818,0,13.9261363636364,22,5,17,7,4,11,217,176,470,863,466,1768,1268,1127,2395,26,222,239,0,0,0,54.36,"1"
10074,3,37.6497695852535,4.1705069124424,1.76958525345622,29.9354838709677,1.7741935483871,0,17.8110599078341,14,2,12,4,6,4,53,250,176,479,254,1395,843,773,1616,39.5,233,229,0,0,0,70.61,"1"
10075,3,37.1157894736842,1.38947368421053,2.16140350877193,24.2456140350877,9.30175438596491,0.0175438596491228,16.0982456140351,16,8,8,4,7,5,32,308,220,560,471,2023,1371,1730,3101,0,0,0,75,198,199,63.3,"1"
10076,3,38.7317073170732,0.780487804878049,2.9290465631929,25.6718403547672,9.35033259423503,0,16.3835920177384,36,8,28,13,11,12,495,470,528,1493,1538,5686,3306,3783,7089,29.5,244.5,242,111.5,208.5,204,58.51,"3"
10077,3,39.4072580645161,4.42741935483871,1.24193548387097,24.2943548387097,9.29838709677419,0.145161290322581,14.4677419354839,28,9,19,10,11,7,338,364,308,1010,725,2943,1906,1483,3389,0,0,0,99,203,201,65.45,"3"
10080,3,39.2210526315789,3.01052631578947,2.34736842105263,25.5631578947368,8.3,0,14.4210526315789,39,9,30,6,28,5,225,957,225,1407,481,2740,1496,1541,3037,32.5,269,245,0,0,0,74.38,"3"
10081,3,38.8646408839779,1.21546961325967,1.65745856353591,31.3895027624309,4.49171270718232,0.110497237569061,20.3480662983425,45,8,37,10,28,7,271,1141,309,1721,2919,8369,5316,4074,9390,117,257,236.5,0,0,0,58.04,"3"
10083,3,40.2375,2.38333333333333,1.28333333333333,34.1958333333333,2.375,0,21.05,19,3,16,5,10,4,137,412,176,725,892,3248,2020,1696,3716,64,254,250.5,0,0,0,63.4,"1"
10085,3,35.6428571428571,2.65873015873016,0.865079365079365,21.1190476190476,11,0,20.7579365079365,25,4,21,7,11,7,206,444,309,959,1149,4672,2877,2248,5125,71.5,270.5,268.5,0,0,0,68.74,"3"
10086,3,38.3258426966292,3.21348314606742,3.17977528089888,31.0674157303371,0.865168539325843,0,24.4438202247191,18,3,15,4,10,4,30,400,176,606,385,1809,1221,972,2193,47.5,224.5,226.5,0,0,0,64.93,"1"
10087,3,38.4766839378238,3.41968911917098,1.56476683937824,20.7979274611399,12.6943005181347,0,17.160621761658,16,3,13,3,8,5,63,340,220,623,435,2031,1381,1051,2432,44.5,225.5,230.5,0,0,0,65.62,"1"
10088,3,38.7134502923977,4.07017543859649,2.46198830409357,23.719298245614,8.46198830409357,0,11.5438596491228,16,2,14,4,8,4,57,328,176,561,271,1592,978,886,1864,31.5,248.5,240,0,0,0,70.87,"1"
10089,3,42.25,2.29850746268657,2,27.5485074626866,10.1753731343284,0.227611940298507,14.7910447761194,27,5,22,10,14,3,316,616,132,1064,902,3460,2444,1947,4391,32.5,235.5,212.5,0,0,0,59.23,"3"
10090,3,39.9748953974895,1.81589958158996,1.39748953974895,36.3514644351464,0.0418410041841004,0.368200836820084,15.8912133891213,18,5,13,6,11,1,186,437,45,668,762,3496,2252,1853,4105,52.5,243,247,0,0,0,66.6,"1"
10091,3,37.8848484848485,1.06666666666667,2.8,32.4545454545455,1.56363636363636,0,15.9878787878788,31,6,25,10,15,6,379,660,264,1303,957,3374,2451,1889,4340,46.5,228.5,226.5,28,211,207,55.69,"3"
10092,3,39.6455696202532,3.34177215189873,11.9050632911392,23.7215189873418,0.677215189873418,0,10.3417721518987,30,7,23,6,17,7,164,714,308,1186,505,1931,1540,1023,2563,24.5,230,221.5,0,0,0,55.64,"3"
10093,3,39.1633663366337,4.54455445544554,3.17326732673267,20.9752475247525,10.470297029703,0,20.0247524752475,21,4,17,4,9,8,98,321,352,771,310,1903,1336,893,2229,33.5,211.5,222.5,0,0,0,71.47,"1"
10095,3,38.2921348314607,4.37078651685393,2.64044943820225,25.9550561797753,5.32584269662921,0,20.3370786516854,14,4,10,3,7,4,58,288,176,522,276,1253,893,532,1425,19.5,248.5,239,0,0,0,68.56,"1"
10097,3,33.3373493975904,2.65060240963855,2.4578313253012,24.6144578313253,3.59036144578313,0.0240963855421687,18.7831325301205,20,5,15,6,7,7,147,292,294,733,332,1151,908,722,1630,26.5,259.5,248.5,0,0,0,50.25,"1"
10098,3,40.5403726708075,3.5527950310559,4.01242236024845,29.2795031055901,3.57142857142857,0.124223602484472,18.5031055900621,15,3,12,5,7,3,72,296,132,500,277,1623,1011,971,1982,28.5,243.5,223.5,0,0,0,67.91,"1"
10099,3,36.3169398907104,3.36612021857924,1.79234972677596,31.1584699453552,0,0,18.0382513661202,16,3,13,6,7,3,125,296,132,553,437,2068,1179,1208,2387,29,234.5,237,0,0,0,68.33,"1"
10100,3,39.541095890411,3.31506849315068,3.28767123287671,22.1232876712329,10.6301369863014,0.184931506849315,14.2739726027397,15,1,14,3,8,4,62,315,180,557,455,1876,1180,965,2145,35.5,249.5,229.5,0,0,0,66.25,"1"
10102,3,38.3260869565217,4.32608695652174,10.4275362318841,23.5724637681159,0,0,18.4202898550725,21,5,16,4,9,7,138,383,308,829,324,1467,993,709,1702,26,236,223,0,0,0,67.16,"1"
10103,3,39.25,2.08108108108108,1.59459459459459,22.5641891891892,13.0101351351351,0,16.6047297297297,34,6,28,11,13,10,322,516,426,1264,1239,4062,2593,2138,4731,61.5,241,240,0,0,0,59.67,"3"
10104,3,38.7894736842105,2.60526315789474,2.96052631578947,21.5394736842105,11.6842105263158,0,19.2960526315789,20,8,12,3,9,8,74,396,354,824,733,2518,1336,1381,2717,33.5,277,268,0,0,0,65.7,"1"
10105,3,41.8809523809524,3.12925170068027,2.92857142857143,25.3197278911565,10.4489795918367,0.054421768707483,18.0272108843537,30,8,22,6,13,11,124,516,481,1121,589,3855,2352,2025,4377,63.5,217.5,203.5,0,0,0,74.62,"3"
10106,3,40.741935483871,2.28152492668622,3.57771260997067,28.1173020527859,6.76539589442815,0,15.4486803519062,31,5,26,8,13,10,236,502,440,1178,1359,4035,3125,2582,5707,34,250.5,248,36,224.5,231.5,46.89,"3"
10107,3,39.3371428571429,3.02285714285714,3.18285714285714,32.6171428571429,0.508571428571429,0.00571428571428571,14.52,16,4,12,5,6,5,119,246,208,573,268,1602,1009,972,1981,26.5,220.5,213.5,0,0,0,67.34,"1"
10108,3,35.921568627451,3.07843137254902,3.19607843137255,15.2254901960784,14.421568627451,0,21.4558823529412,13,2,11,3,5,5,66,180,220,466,594,1848,1085,1018,2103,50.5,248,227,0,0,0,59.63,"1"
10109,3,36.7852760736196,5.39877300613497,1.88957055214724,25.7852760736196,3.71165644171779,0,12.8282208588957,15,4,11,6,5,4,89,214,173,476,228,1437,979,839,1818,25.5,239.5,234.5,0,0,0,66.5,"1"
10113,3,40.6834862385321,2.50917431192661,1.41284403669725,21.9128440366972,14.848623853211,0,16.9449541284404,38,3,35,11,14,13,370,608,573,1551,776,3299,2005,1842,3847,60,249,253,0,0,0,65.58,"3"
10114,3,36.4963768115942,1.91304347826087,4.36231884057971,21.1920289855072,9.0036231884058,0.0253623188405797,19.1920289855072,20,4,16,6,2,12,193,82,514,789,517,2890,1936,1603,3539,42,247,247.5,0,0,0,67.05,"1"
10116,3,41.4040816326531,3.93469387755102,2.57142857142857,28.3469387755102,6.43673469387755,0.114285714285714,18.0938775510204,21,2,19,6,10,5,75,410,220,705,606,2884,1906,1654,3560,32.5,239.5,221.5,0,0,0,63.99,"1"
10117,3,39.4269662921348,1.97752808988764,7.02247191011236,24.938202247191,5.48876404494382,0,18.1629213483146,19,3,16,3,10,6,26,408,264,698,328,1917,1233,985,2218,31.5,226,203.5,0,0,0,71.64,"1"
10119,3,39.5978260869565,3.46376811594203,1.7536231884058,24.7101449275362,9.64855072463768,0.0217391304347826,13.6884057971014,27,7,20,8,6,13,233,246,572,1051,777,2927,1874,1596,3470,36,237.5,237,0,0,0,61.96,"3"
10120,3,35.4516129032258,6.74193548387097,2.06451612903226,25.9354838709677,0.709677419354839,0,19.2661290322581,20,12,8,2,10,8,88,426,352,866,634,0,1663,2096,3759,0,0,0,0,0,0,40.46,"1"
10121,3,40.7777777777778,4.27777777777778,2.20138888888889,19.7638888888889,14.5347222222222,0,13,11,1,10,3,5,3,28,216,134,378,255,1324,970,688,1658,20,246,227,0,0,0,64.48,"1"
10122,3,34.9395161290323,2.12903225806452,1.41935483870968,18.508064516129,12.883064516129,0,14.8346774193548,16,3,13,4,8,4,92,314,176,582,448,3240,1984,1633,3617,39,243,247,0,0,0,77.19,"1"
10123,3,41.6328502415459,2.76328502415459,0,20.9420289855072,17.9275362318841,0,11.5893719806763,29,7,22,8,17,4,186,744,176,1106,875,3271,1992,1720,3712,35.5,240.5,224.5,0,0,0,64.55,"3"
10124,3,39.25,3.1025641025641,2,32.4358974358974,1.71153846153846,0,16.1474358974359,18,3,15,5,4,9,164,153,405,722,577,2518,1562,1346,2908,34,240.5,224.5,0,0,0,66.75,"1"
10125,3,38.8913043478261,3.18840579710145,2.92028985507246,22.4492753623188,10.268115942029,0.0652173913043478,12.1159420289855,12,3,9,3,4,4,108,176,158,442,295,1271,952,644,1596,23.5,226.5,225,0,0,0,61.15,"1"
10126,3,38.1696750902527,3.65342960288809,2.28158844765343,21.9602888086643,10.2743682310469,0,20.4296028880866,16,5,11,4,6,6,119,264,240,623,382,2134,1578,1372,2950,17,233,221.5,31.5,191.5,198.5,69.36,"1"
10127,3,41.8527607361963,2.96932515337423,8.37423312883435,27.2147239263804,3.19018404907975,0.104294478527607,18.8036809815951,29,7,22,5,13,11,206,496,484,1186,274,0,900,381,1281,0,0,0,0,0,0,63.31,"1"
10128,3,27.950495049505,4.1980198019802,1.54950495049505,15.6534653465347,6.54950495049505,0,22.2425742574257,4,1,3,1,1,2,20,20,88,128,424,0,2077,2222,4299,0,0,0,0,0,0,31.98,"1"
10130,3,38.4370078740157,2.25196850393701,1.18503937007874,32.4566929133858,2.37007874015748,0.173228346456693,12.5669291338583,25,4,21,7,12,6,203,449,265,917,1001,3650,2053,2014,4067,39,250.5,235.5,24.5,240,212.5,65.13,"3"
10134,3,38.141975308642,2.44444444444444,1.88271604938272,17.7592592592593,16.0555555555556,0,13.358024691358,27,8,19,7,15,5,195,604,223,1022,756,2738,1356,1579,2935,27,244.5,235.5,0,0,0,67.53,"3"
10135,3,37.7289156626506,1.32530120481928,2.62650602409639,31.9939759036145,1.78313253012048,0,14.3373493975904,23,6,17,5,12,6,111,534,264,909,380,1719,1247,852,2099,21.5,251.5,252,0,0,0,63.79,"1"
10887,5,15.5833333333333,1.75,0.291666666666667,13.0416666666667,0.5,0,22,0,0,0,0,0,0,0,0,0,0,5,40,30,13,43,1,0,0,0,0,0,81.4,"2"
10897,5,15.75,1.75,0,13.0416666666667,0.958333333333333,0,16.7916666666667,0,0,0,0,0,0,0,0,0,0,1,5,10,9,19,0,0,0,0,0,0,21.05,"2"
10911,5,38.6141176470588,2.07058823529412,1.83058823529412,34.5270588235294,0.185882352941176,0,18.36,34,14,20,14,15,5,549,664,223,1436,1067,4891,2818,2553,5371,0,0,0,171,234,224,71.2,"3"
10913,5,39.0973451327434,3.11504424778761,3.91150442477876,27.1946902654867,4.87610619469027,0,21.8938053097345,11,3,8,5,3,3,147,134,134,415,81,0,484,262,746,0,0,0,0,0,0,41.02,"1"
11025,1,43.1923076923077,2.36923076923077,1.83076923076923,38.5769230769231,0.415384615384615,0,18.2538461538462,18,6,12,4,12,2,31,524,88,643,149,794,412,417,829,12.5,233,236.5,0,0,0,77.8,"1"
11030,1,25,0.5,0.5,24,0,0,11.4285714285714,0,0,0,0,0,0,0,0,0,0,0,0,121,6,127,0,0,0,0,0,0,14.17,"2"
11031,1,43.5555555555556,0.222222222222222,5.55555555555556,37.7777777777778,0,0,14.3333333333333,0,0,0,0,0,0,0,0,0,0,12,139,69,70,139,1,0,0,0,0,0,91.37,"2"
11038,1,42.1212121212121,2.66666666666667,3.76767676767677,35.4646464646465,0.222222222222222,0,10.7525252525253,24,6,18,6,14,3,209,573,118,900,438,2249,1300,1406,2706,0,0,0,36.5,253.5,215.5,72.36,"1"
11139,2,39.6615853658537,2.41463414634146,2.0609756097561,26.594512195122,8.5,0.0914634146341463,16.2469512195122,28,15,13,6,16,6,214,704,264,1182,886,3675,2119,1975,4094,0,0,0,121.5,209.5,213.5,68.12,"3"
11811,6,33.281914893617,4.95744680851064,1.78723404255319,18.3457446808511,8.19148936170213,0,21.2234042553191,3,1,2,1,1,1,39,44,44,127,15,0,1,2630,2632,0,0,0,0,0,0,29.67,"1"
12058,7,38.1741741741742,1.77777777777778,4.43243243243243,18.6366366366366,13.3273273273273,0,14.987987987988,47,17,30,8,23,16,268,998,704,1970,798,3642,2013,1702,3715,57.5,233.5,224,0,0,0,76.55,"3"
12366,4,40.4466019417476,2.87378640776699,16.4757281553398,20.5242718446602,0.572815533980582,0,11.0291262135922,26,2,24,4,19,3,168,777,132,1077,44,0,318,219,537,0,0,0,0,0,0,70.76,"1"
12501,5,34.8971962616822,3.70093457943925,2.05607476635514,27.8411214953271,1.29906542056075,0,17.2943925233645,39,9,30,9,24,6,308,975,269,1552,249,2173,1387,1281,2668,24,246.5,247.5,0,0,0,72.11,"3"
12610,5,33.5647058823529,1.55294117647059,3.06470588235294,27.5411764705882,1.40588235294118,0,19.9647058823529,36,11,25,10,18,8,329,745,357,1431,664,2708,1487,2345,3832,0,0,0,84,212.5,208,61.3,"3"
13121,1,42.9417989417989,3.18518518518519,1.71428571428571,24.2433862433862,13.7089947089947,0.0899470899470899,15.7619047619048,19,2,17,5,11,3,155,464,132,751,143,1828,961,1025,1986,25.5,249.5,243,0,0,0,84.84,"1"
13122,1,37.7718120805369,5.31543624161074,3.15436241610738,20.2885906040268,8.93288590604027,0.0805369127516778,14.6174496644295,7,4,3,0,2,5,0,88,220,308,95,0,946,538,1484,0,0,0,0,0,0,48.38,"1"
13128,1,27.9642857142857,2,0.857142857142857,24.5714285714286,0.535714285714286,0,6.82142857142857,6,0,6,3,2,1,29,68,22,119,8,118,72,49,121,1,0,0,0,0,0,90.91,"2"
13134,1,41.7570850202429,3.53036437246964,2.36437246963563,21.5546558704453,14.3076923076923,0,15.3562753036437,33,5,28,7,23,3,242,820,118,1180,514,2994,1805,1635,3440,38,237,221.5,0,0,0,72.09,"3"
13167,1,41.6834532374101,3.67985611510791,1.8705035971223,35.9748201438849,0,0.158273381294964,14.0827338129496,36,8,28,7,20,9,263,844,388,1495,270,3744,2022,1962,3984,41.5,247.5,241,0,0,0,87.2,"3"
13181,1,43.390243902439,2.68292682926829,2.45528455284553,27.9146341463415,10.3373983739837,0,12.6666666666667,40,4,36,9,20,10,382,824,412,1618,681,3406,1906,1711,3617,28.5,264.5,256.5,0,0,0,75.34,"3"
13185,1,41.9578454332553,2.87587822014052,3.88290398126464,33.8430913348946,1.30444964871194,0.0515222482435597,12.7447306791569,49,13,36,13,22,14,528,962,616,2106,662,4571,2008,3677,5685,0,0,0,119.5,223.5,222.5,75.41,"3"
13202,1,43.2649253731343,2.25373134328358,2.93283582089552,35.1902985074627,2.88805970149254,0,15.6753731343284,15,4,11,0,8,7,0,346,308,654,1065,3164,1872,2109,3981,0,0,0,0,0,0,52.73,"1"
13461,2,36.7641025641026,5.67179487179487,2.70769230769231,17.4153846153846,10.9692307692308,0,13.2564102564103,17,5,12,2,10,5,88,440,208,736,413,1509,1104,1042,2146,0,0,0,33,229,214.5,62.81,"1"
13557,2,38.2168674698795,4.7710843373494,1.59036144578313,24.4518072289157,7.40361445783132,0,17.3855421686747,20,5,15,5,13,2,164,558,88,810,284,1827,1114,1082,2196,33,241.5,225.5,0,0,0,70.26,"1"
13558,2,38.3846153846154,1.67482517482517,6.04895104895105,18.8216783216783,11.8391608391608,0,16.1258741258741,23,7,16,5,13,5,206,572,220,998,1642,4449,2281,2429,4710,0,0,0,115,287.5,320,59.6,"3"
13559,2,36.4678111587983,4.48927038626609,5.40343347639485,25.1287553648069,1.43347639484979,0.0128755364806867,15.5021459227468,19,5,14,8,9,2,269,360,88,717,608,2774,1674,1508,3182,32,255.5,252,0,0,0,68.07,"1"
13560,2,40.8645161290323,2.52903225806452,6.43870967741935,25.4064516129032,6.49032258064516,0,13.4967741935484,25,8,17,5,16,4,199,704,176,1079,276,1788,971,932,1903,26.5,257,242.5,0,0,0,79.45,"1"
13561,2,36.9280575539568,4.2589928057554,3.19784172661871,24.5287769784173,4.94244604316547,0,17.5431654676259,32,11,21,8,17,7,280,708,308,1296,1658,3817,1930,2314,4244,0,0,0,76.5,264,264.5,50.87,"3"
13562,2,40.9080459770115,5.29310344827586,4.66091954022988,24.5689655172414,6.38505747126437,0,14.9367816091954,33,9,24,13,11,9,538,456,396,1390,342,1949,1071,973,2044,22.5,237,230.5,0,0,0,78.62,"3"
13563,2,39.474025974026,2.12987012987013,1.27272727272727,36.0714285714286,0,0,10.4480519480519,21,5,16,7,12,2,120,446,88,654,227,1406,791,695,1486,26.5,257,254,0,0,0,79.34,"1"
13611,2,27.578125,5.25,1.140625,20.984375,0.203125,0,13.15625,3,1,2,1,1,1,8,44,44,96,45,0,325,285,610,0,0,0,0,0,0,48.69,"2"
17709,7,34.7103825136612,3.36612021857924,1.68306010928962,24.016393442623,5.6448087431694,0,16.3551912568306,22,10,12,6,7,9,82,294,343,719,54,811,482,389,871,20,250,250.5,0,0,0,86.91,"1"
18065,7,37.4212218649518,1.97427652733119,4.86173633440514,17.6720257234727,12.5659163987138,0.347266881028939,15.9742765273312,48,15,33,7,28,13,256,1114,572,1942,424,2494,1414,1158,2572,39.5,261,252.5,0,0,0,80.48,"3"
18112,7,35.3333333333333,2.82993197278912,2.16666666666667,22.3095238095238,8.01020408163265,0.0170068027210884,13.8197278911565,29,5,24,0,21,8,0,818,352,1170,700,3476,1919,1818,3737,29,241.5,234.5,19.5,230,217.5,75.6,"3"
20053,4,33.8648648648649,4.03603603603604,2.36936936936937,20.7117117117117,6.74774774774775,0,10.1621621621622,7,2,5,1,4,2,44,102,88,234,34,673,377,302,679,0,0,0,14.5,221,199,94.11,"2"
20248,4,40.8085106382979,4.56737588652482,1.78723404255319,29.9645390070922,3.15602836879433,1.33333333333333,9.19858156028369,18,8,10,2,12,4,66,528,176,770,146,1353,710,679,1389,0,0,0,26,242.5,244.5,86.9,"1"
24412,3,41.7718446601942,2.32038834951456,1.5631067961165,32.1699029126214,5.71844660194175,0,14.4708737864078,31,2,29,3,23,5,128,822,225,1175,774,3109,1880,1508,3388,51.5,283,278,0,0,0,68.92,"3"
24754,3,31.7544910179641,2.32335329341317,1.94610778443114,17.0299401197605,10.4550898203593,0,18.3173652694611,9,5,4,3,3,3,25,132,132,289,329,0,1664,1617,3281,0,0,0,0,0,0,36.57,"1"
24804,3,38.4903225806452,4.3741935483871,2.23225806451613,24.2258064516129,7.60645161290323,0.0516129032258065,18.9677419354839,25,5,20,11,11,3,358,460,132,950,160,0,774,465,1239,0,0,0,0,0,0,75.3,"1"
24889,3,39.0214007782101,1.69066147859922,1.51945525291829,29.6459143968872,6.16536964980545,0,14.2295719844358,55,4,51,14,28,13,532,1240,585,2357,1780,6984,4352,3969,8321,108.5,254,249,67,247,224,62.54,"3"
25047,3,34.398533007335,2.0440097799511,1.96332518337408,29.6552567237164,0.628361858190709,0.107579462102689,18.8190709046455,45,8,37,9,25,11,276,949,446,1671,3085,7468,5079,4072,9151,151,268,264,0,0,0,47.9,"3"
25315,3,38.2586206896552,3.97701149425287,0,28.1954022988506,5.63793103448276,0.448275862068966,21.264367816092,25,3,22,9,11,5,251,484,220,955,593,2172,1556,1219,2775,54,239.5,234,0,0,0,56.9,"1"
25514,6,23.233918128655,3.34502923976608,3.83625730994152,11.374269005848,4.67836257309941,0,23.3333333333333,5,2,3,0,2,3,0,89,132,221,458,0,1551,1125,2676,0,0,0,0,0,0,38.64,"1"
26501,6,33.6245487364621,1.57400722021661,5.52346570397112,18.3574007220217,7.8014440433213,0.368231046931408,12.927797833935,16,6,10,3,9,4,106,396,176,678,770,2904,1715,1411,3126,0,0,0,90.5,236,230.5,68.27,"1"
40340,1,43.2866666666667,3.90666666666667,3.42,26.2866666666667,9.5,0.173333333333333,10.94,20,9,11,4,10,6,28,440,264,732,225,1792,950,920,1870,0,0,0,24,227.5,213,83.8,"1"
